id,stability,AASAK0,AASAHt,AASAHP,AASAP,AASApHi,AASApK,AASAMw,AASAP1,AASARf,AASAm,AASAHnc,AASAEsm,AASAE1,AASAEt,AASAPa,AASAPb,AASAPt,AASAPC,AASACa,AASAF,AASAPr,AASARa,AASANs,AASAan,AASAac,AASAam,AASAV0,AASANm,AASAN1,AASAHgm,AASAASAD,AASAASAN,AASADASA,AASADGh,AASAGhD,AASAGhN,AASADHh,AASATDSh,AASADCph,AASADGc,AASADHc,AASATDSc,AASADG,AASADH,AASATDS,AASAV,AASAs,AASAf
WT,0.0,947.7761189302961,1.553531347440334,153.95913985110022,325.241462925197,41.40945441564403,4.583114711920873,17023.344961124843,223.17876465603248,81.59521692226313,276.3172689545719,-0.00017158738551342967,1.4345930394594908,0.2449121443281843,2.8797905610645165,1.106073053146848,0.9014296407198105,0.9273998375091693,0.9621957467890626,1110.833395010342,0.9913372558848048,0.06463753474565125,12.52380117890954,34.79765875267308,1.090885794904705,1.065193607077719,1.145581533807436,8061.780748753532,3.4604052741401268,14.571063321505346,168.2106328467443,23188.39323053194,3398.961447759257,8772.199266482974,4.036125193062809,7.141809901812036,2.5343045597088754,22.17941421981891,7.34823352273545,329.0284992306578,3.9584619871234628,22.09946544235419,7.464553185409622,-0.006081032662729078,-0.07514993390552246,-0.03954870918888055,15.512518430063022,1.506079351415344,3.972341643995004
L36G,-5.4,945.7289119258039,1.514524657967812,153.61547762186652,325.2125532258482,41.40857069346194,4.582523874163844,16917.396073388947,219.20638536765009,79.84629389691393,271.7857669744161,-8.408149157152827e-05,1.435256745947302,0.24403974492570818,2.8781167708817543,1.0970671522942093,0.8938454200644574,0.9403162647063441,0.9736958067898417,1100.156323866671,0.9963111037290961,0.06419729172709362,12.38648760454698,34.697128377848564,1.072758920326766,1.0657806138474128,1.136444978821639,7977.060733777483,3.4435746271014103,14.555994636974699,168.06839594046482,22994.302358427223,3397.451313415969,8651.58272263483,4.058502420607148,7.188208720331948,2.54059311702843,22.041606225865745,7.228872529683703,319.25317065635454,3.9866704907263775,21.9196478263777,7.304778831575964,-0.005852258717825529,-0.07762108824605703,-0.04220668022520639,15.27426812735026,1.4689729041915132,3.915532331762212
Y91S,-5.3,945.6085913465338,1.5117001583602399,153.6296956498569,325.2566705549484,41.411224601609725,4.583410521649101,16886.5083315435,221.546423056738,80.6455710261056,270.61640546239295,3.275151106947169e-05,1.439055097563326,0.24348440094035612,2.8812158423940533,1.107183024584178,0.8917914758429552,0.9315275552940397,0.9660343244538476,1098.862061269469,0.9930220977361801,0.06452714113623217,12.49454814916343,34.69814281792729,1.0924710704888771,1.066392461406018,1.15030190114563,7984.570539746234,3.457850104791414,14.506096991569342,168.121489861703,23012.21782234455,3397.653945759243,8664.094849511526,3.978457485232515,7.026890946772045,2.5220807377785492,21.849275457192185,7.2373298585234975,323.210677275023,3.860182222419577,21.51110039256146,7.257573813343295,-0.005556198063653467,-0.06930568262809682,-0.036776919045022526,15.19172626643255,1.46705560256689,3.9444857459582976
F61G,-4.7,944.5550035847327,1.5073434280684348,153.67381322780142,325.1418366049208,41.45518843868787,4.596906549034459,16864.40542136436,219.8813545836675,80.15943218687619,269.71324407241707,0.002416145290910356,1.4382749405707949,0.24370491221961021,2.8807166409226737,1.0974420618205731,0.8938578799052378,0.940037238810346,0.9730933164651635,1095.840780311611,0.9980441064358558,0.06424044530614269,12.3678226620169,34.76122470152594,1.081611443736589,1.0593127892466963,1.134040776784599,7967.755562134849,3.448743216758321,14.559921543842032,168.10639315247437,22960.05290794372,3395.501545773202,8645.656192594379,4.023324614810723,7.128988556977975,2.533282585815832,21.953569281551918,7.238078155226349,321.3840021111604,3.8921775445842286,21.442328143100788,7.175894569855214,-0.0037372127641109552,-0.0713691963322763,-0.04271658266979304,15.15766107574539,1.4838032073116438,3.916735129826267
F76G,-4.7,944.471684156867,1.512218178746678,153.6732081604991,325.1186274389417,41.45328389503423,4.596400723801549,16858.476444400258,219.9426054449681,80.31743348073721,269.75883857805053,0.002394916407269957,1.43815633787572,0.2436902022127946,2.880698453998732,1.0978541290552961,0.8935398341632184,0.9407164536131869,0.9734360875859116,1095.3284058948989,0.9981043921825826,0.06425953898694602,12.36245930828061,34.761153703408716,1.08238443229751,1.059332208186003,1.134537993183526,7965.660884532716,3.448895662683456,14.5598551240625,168.1068729900444,22957.113473926518,3395.4493312930113,8644.19102308714,4.02050606306573,7.121885625869423,2.532861128983847,21.92980652932915,7.236445465416965,322.2068273891858,3.8782541771984578,21.432406841532472,7.212995323885035,-0.002627445802317964,-0.03234627372359506,-0.01783707010882003,15.12023785216704,1.46603519113135,3.9088156155401377
L103A,-4.6,945.14484637888,1.53180233389703,153.75693960205348,325.21790872998423,41.41119967071211,4.582497044514019,16949.95073099998,221.19504583918842,80.59116488487844,275.2946110282531,-0.0007807115550383958,1.4359460097219068,0.2437531375766684,2.878093807188688,1.1092162847354161,0.8947481752999151,0.9282945707505622,0.9624524723664557,1104.1345187994218,0.9936647458474379,0.06415536127429737,12.40855590678788,34.68559817652171,1.085925294939261,1.0767951259968982,1.148178807494592,8004.891425799947,3.4583119139678677,14.533559609693238,168.1589879945443,23071.81850441517,3400.462575808825,8694.807233717718,4.058073138150617,7.179311441157236,2.5369422828009904,22.096939060694314,7.270198169549554,323.006690070123,3.981866591098252,22.038508607230263,7.394448563383245,-0.006073521916921265,-0.07455598973719271,-0.03905177251699644,15.36273768350664,1.473055416106587,3.9240298165018004
W140L,-4.5,948.4032326107784,1.5360204491036709,153.99558054164368,324.74620877122186,41.41659159552453,4.582549930384466,16903.983007728042,223.1422842379437,81.65121295654308,271.76214329638157,-0.0006996842836780505,1.439228451138927,0.24389163136997588,2.881961482967454,1.107937988836317,0.9006721762063601,0.922295309319006,0.9612659926241884,1100.581865077981,0.9916126030119228,0.06492338394245918,12.50862723916931,34.82621641806188,1.0989890163309881,1.052647817556877,1.15431453920403,8023.08206074826,3.46769592971883,14.560016126279573,167.9838590491743,23099.5423044823,3392.232948771819,8731.497894442702,3.9120651711008874,6.941352549405662,2.510772635547197,21.852358901571762,7.3072007033279265,329.11484737903555,3.791239348333054,21.58321290526849,7.370050077060524,-0.0017618468785224565,-0.04496493676446946,-0.02809188333447472,15.239469033691389,1.506079351415344,3.972341643995004
F76A,-4.1,943.8143032337706,1.523702344773435,153.8170199575471,325.1186274389417,41.45596733254791,4.596400723801549,16884.12265811297,221.5409523723842,80.73368111699187,272.9577464555783,0.0018888452368620644,1.4388042103150362,0.24343295124113368,2.880698453998732,1.110329281694256,0.8945417143608809,0.9282321260156705,0.9621957467890626,1098.6173429799921,0.9952247597154431,0.06425953898694602,12.38896215158275,34.75242423510636,1.097157291910013,1.071656175086532,1.146943066213123,7986.806517451549,3.4637302730053863,14.5399860467775,168.19656371363251,23022.280698163413,3399.0515020276207,8677.173990015759,4.01884445349157,7.112863312235026,2.527953464518749,21.983147350858466,7.2656228514466346,324.07091208782066,3.8728859379515095,21.52841340651055,7.265403211702659,-0.002443921862875839,-0.03683914018240721,-0.02155032830158701,15.176277934723597,1.46603519113135,3.9088156155401377
L37G,-3.9,945.7561618393202,1.512878705174002,153.6191008049258,325.21260108595914,41.40856642195159,4.582528020843958,16918.733546150273,219.1921797475928,79.84470569771649,271.9266345495972,0.00013802975328452722,1.4352549405006259,0.24405583157024285,2.8781298074761352,1.097471629742923,0.89403984866151,0.9409567436709325,0.9743017520746001,1100.4815517628572,0.9964119316034038,0.06421785267618849,12.3925803031893,34.697764667842115,1.074002737228334,1.065821852249435,1.13712801600398,7978.073887519819,3.4440220544554756,14.556106728815541,168.0692381996293,22997.69158442363,3397.424954280728,8656.095641839378,4.057961583903259,7.187278684769997,2.540526150934883,22.0447623010627,7.231509860397958,319.4411573826952,3.985594810504763,21.92841130828625,7.3135650276943265,-0.005921665823998284,-0.07681181995445154,-0.04131851404380972,15.27701562235824,1.4689651183414711,3.9197819182044973
D83A,-3.9,944.4624647944238,1.557379285500112,154.30117420434462,312.7770100271323,41.69906438449926,4.592829791096098,16940.047111158572,223.14266550924214,82.50036193724054,276.90340982839297,0.00017636017788973845,1.4384653619322179,0.24594116622838208,2.888746421010306,1.111741258689456,0.905526591473528,0.9165092239856518,0.9552443636351418,1107.892512020087,0.9888240746584251,0.06551024153838018,12.579381384130311,34.890207652013096,1.1051488889333978,1.0561227963315531,1.154631082544404,8044.39986381882,3.468276055290714,14.63065131733461,168.617798033002,23127.180072436273,3375.8892364727135,8773.990516465765,3.948550022695631,6.884190288294354,2.446785751304133,22.00177936355444,7.353588662322882,331.9833502997743,3.8691331016501787,21.940987459306992,7.483005023926125,-0.00599263345511736,-0.07383131569722705,-0.038832672220620645,15.327407739183858,1.458971913905766,3.912929397873026
L36A,-3.6,945.0864829494992,1.529034392699137,153.76226802128798,325.2125532258482,41.411221860008176,4.582523874163844,16943.883295322932,220.99395604742222,80.47299131433073,275.2459234384968,-0.00010520360390239431,1.435920452435111,0.2437489451248827,2.8781167708817543,1.1090281143641212,0.8949485794325088,0.9283319508120582,0.9624728566685995,1103.5535737760208,0.9936225373267765,0.06419729172709362,12.414948963596668,34.68798925286452,1.0866824616692412,1.077814252626166,1.1479710943421821,7999.665872657139,3.458365195711191,14.53500611209274,168.1602197660377,23061.79304804546,3400.630543612365,8689.398398969503,4.057201419005732,7.178691013968894,2.537029601214015,22.093785951731487,7.262800483188139,321.9883884180079,3.982014718287062,22.03221657784265,7.382605880721298,-0.006000288917469014,-0.07304945271606819,-0.038098906805430086,15.33383070302844,1.4689729041915132,3.915532331762212
D95A,-3.6,944.5957217412481,1.557584870706489,154.3131256534604,317.8393042484573,41.70142553678954,4.593086551588397,16944.57247055297,223.1422383183652,82.61894063342216,276.88287670005496,-0.0005980907714422871,1.438620186073252,0.24601090564929323,2.8891834586331373,1.1118615580598168,0.9057798498152053,0.9171284257847427,0.9555694898159229,1108.038885644232,0.9889145110203656,0.0657031456915795,12.58531821867896,34.89448744172041,1.1067847522632381,1.0573361213011079,1.154814991308508,8044.927171406458,3.468426276325645,14.634746366405489,168.6323097631232,23129.67857049735,3379.444876633212,8774.033953000942,3.9665490330756747,6.912618730748937,2.467848552996809,22.017123857437472,7.353684274862867,332.3872954811215,3.888815153120641,21.95690814271668,7.483045749301036,-0.006043582671823085,-0.07433269586685773,-0.03902237326190135,15.3522663833845,1.466925855673868,3.922340565977374
T62G,-3.4,945.956391255159,1.554115200598329,153.9727762662356,324.77119779602754,41.43834709982758,4.590272078159712,16943.867292414718,220.66108343412012,81.13867061087802,273.66945738376864,-0.001538397987023614,1.4364214283318733,0.2449772534984945,2.8828059119840925,1.102011157566436,0.8961191212995088,0.9351442826999733,0.9680188015847216,1103.779195142202,0.9941511484194651,0.06513271374139265,12.54925073694886,34.82554565143151,1.087516653228727,1.0557616518480422,1.1446256480104098,8020.03019147732,3.4593538955651075,14.582295321027498,168.3245695614281,23065.519913373628,3379.036098566396,8728.74233082226,3.999547147566966,7.078190292213309,2.505870005942202,21.995257033413893,7.291896522166397,326.2705015377987,3.929881931474955,21.886038452818752,7.379369542131795,-0.005925918338953317,-0.07622185827396717,-0.04163827115442505,15.350333128667511,1.494259724544559,3.9432087162397678
D77A,-3.2,944.4506090265622,1.5568252735901473,154.2894995003031,307.5926430388002,41.71527167455436,4.592710421209783,16940.004821700204,223.14317925061528,82.30967703965754,276.8880380906467,0.0015064756102914382,1.438420823500479,0.24582922750140393,2.888366900108339,1.11210598628846,0.9050645443859991,0.9165194259333462,0.9552737433256784,1107.83942268951,0.9887671898273981,0.06532496501195631,12.57433328827554,34.88467971349801,1.105547801244183,1.055451229662825,1.1560102831423351,8044.575769751468,3.4684425646092256,14.625517329379269,168.60572195436959,23126.05114093665,3371.8537757321346,8773.86267438174,3.9479945372358665,6.902238351718461,2.4370979235100045,22.00936903679126,7.353129963462983,331.4723281127117,3.873617834110287,21.96492524875592,7.4785852775609865,-0.006119009336498353,-0.07678858327042544,-0.0407521804464012,15.329787368124638,1.4603209018854841,3.9030903898591687
D95G,-3.1,945.2217841800369,1.5427219520639261,154.15882414986748,317.8393042484573,41.69871373071078,4.593086551588397,16919.50849628011,221.49855312333807,81.99893894919907,273.4167164136341,-0.0008113424644066302,1.437948994970957,0.24632483745532424,2.8891834586331373,1.0998609990939028,0.9045797921337172,0.9286837639747227,0.9663040261124088,1104.778624717103,0.9916064497586314,0.0657031456915795,12.55344120716208,34.904170310625126,1.090885794904705,1.047998239653539,1.143343119867782,8023.2330752102625,3.4534192399785453,14.65795794351862,168.53630296519742,23065.96691811939,3376.771373739234,8736.07005505219,3.9679806413058616,6.9225835642734195,2.471552658288958,21.962086256282017,7.318883318972425,329.65699461259845,3.893789926977983,21.8443244291568,7.408194895454838,-0.005974924355162081,-0.076165290256591,-0.04062017875451684,15.29884903449165,1.466925855673868,3.922340565977374
A60V,-2.9,949.9748652331439,1.570441796324665,154.2451487582434,325.2739314877194,41.405841297967,4.582505512003013,17072.809566811782,225.17164408803578,82.10649910230225,276.2250243726337,-0.0010284808787530061,1.4320778973742088,0.24651316749916757,2.8816706499543523,1.100744332791276,0.9122158890839076,0.925238107665826,0.9610896654856503,1116.663380023471,0.988940118082603,0.0649758739499883,12.68840731772826,34.924028659212304,1.088424100009103,1.053204496724463,1.1452841190525451,8098.062149097628,3.4481517461054834,14.64978016183532,168.3369992273428,23270.93408013795,3394.720173771555,8827.329484944083,4.018418658018663,7.125771300474355,2.532351117974166,22.235152993463423,7.40325502461116,333.27444097616745,3.9395296584274915,22.14424831275702,7.518587511994854,-0.006105771639612104,-0.0761041239361902,-0.0402627640986623,15.614842424156851,1.5185497073466991,3.998667266500314
D83G,-2.8,945.1147589156586,1.543270179280936,154.1520823067765,312.7770100271323,41.69637450862753,4.592829791096098,16913.543249805683,221.5182039036769,81.95217551971902,273.31141831959246,0.0003503339595913509,1.437819974853431,0.24623517248558127,2.888746421010306,1.099990100857218,0.9043963981621577,0.928761164199609,0.966505604344493,1104.4614818647879,0.9916164982432916,0.06551024153838018,12.550580732334092,34.8994625419471,1.090885794904705,1.045342992256399,1.1433877038105948,8022.027011932022,3.4535500776541292,14.65237030646864,168.5250952450594,23060.757283864372,3372.728659584146,8736.925420667973,3.9503519809336383,6.89539114105599,2.451663848821773,21.94153797751694,7.3193981557262,329.58140869963967,3.8755137363268433,21.81583048807996,7.408319010883136,-0.005830568241162536,-0.07678821713401116,-0.041006355874266945,15.265704175557499,1.458971913905766,3.912929397873026
L25A,-2.6,945.1077660661251,1.528165626657739,153.7599554014801,325.2132458877283,41.411219027514285,4.582541721769342,16946.593346580463,221.1128446842261,80.54712719407334,275.2841603184571,-0.0008073336894406475,1.435912590613045,0.24374560694844746,2.878121240687813,1.1090288380766051,0.8947749584145024,0.9283422943610748,0.9624691420711946,1103.6210142811979,0.9936600745500858,0.06417389326397623,12.40937934217029,34.68786967336082,1.0868223933864312,1.077206018803062,1.1478841492682321,8001.499769262389,3.458386575915423,14.534151861146858,168.1597092571435,23064.49542288606,3400.5893378408846,8690.958479301513,4.055655356377488,7.186377301599556,2.536841086699723,22.09818423203796,7.265992826926319,322.2191757786319,3.9800803061168137,22.03664174522803,7.387233354009924,-0.006019853515293917,-0.07351623436396834,-0.038406868894473326,15.34828919330899,1.4767939581970642,3.9155213648633884
I18G,-2.6,945.724282722663,1.4944784103341688,153.41725295392803,325.2131308335966,41.405004235952454,4.612182849249824,16922.405579288312,219.32410586636337,80.10905774580684,271.89603531771803,-0.0012436285003492652,1.437450063195871,0.24333434118151803,2.8786045041091883,1.098475016285122,0.8902249874568312,0.9416183449076648,0.9736997048349195,1098.771391113542,0.9968159828055443,0.0639737424906163,12.29705587528105,34.68661179908584,1.0806496649754513,1.06431149002137,1.140165481671531,7980.797934677064,3.454181308466682,14.503824147511239,167.8623140668072,22979.04506664918,3399.6890100274272,8641.764188699566,4.056618732811281,7.1848852320665175,2.5395114709403606,22.03518537392427,7.222950381731917,318.6771787594632,3.98255442512084,21.92221575591463,7.305704740123505,-0.00611841437942009,-0.0762646457263966,-0.04122350602803708,15.298176380969002,1.4929038597444189,3.9180557587822955
N118D,-2.5,948.7247510207144,1.563923193128552,153.8513071557153,337.08973810218754,41.16010359728365,4.582816090621607,17025.228158804508,222.9284193894241,81.24617712102274,275.99143790840964,-0.005117166670431583,1.4342630986244531,0.24470125029496897,2.8788478222507754,1.1109511031363248,0.8964999499968167,0.926097919786125,0.9600413824163375,1109.8611278063872,0.9926937896834248,0.06460254980095317,12.54704717082889,34.79017416771886,1.090885794904705,1.080431285579618,1.1393804028426149,8056.3005345833135,3.4593685170410993,14.52825439210205,167.9530780482666,23182.4542204144,3400.5289654607927,8766.163575144781,4.017093286635644,7.114462537555573,2.536266487098052,22.09414010635137,7.324720118332628,328.7031074006865,3.946429442219569,22.179064115696328,7.524042107107592,-0.006149982134727475,-0.07774958421051896,-0.04127444314835561,15.512518430063022,1.506079351415344,3.972341643995004
F61A,-2.4,943.9141981446337,1.5201826691934759,153.81732070105812,325.1418366049208,41.45798848091505,4.596906549034459,16889.12934977154,221.5099534608722,80.62714994158554,272.9343909026926,0.001905888143446464,1.4389443771364872,0.24345075809148908,2.8807166409226737,1.110542673655098,0.8948193733420092,0.9281896750904928,0.9621957467890626,1099.021031914372,0.9951901274779622,0.06424044530614269,12.39344449332205,34.75251221103425,1.097727529372988,1.071677585711924,1.147004366865046,7988.440382046744,3.4637743129393166,14.540170210711608,168.1964986509111,23024.391893866377,3399.0501631947964,8678.261639793642,4.021962851166886,7.123182664977634,2.529807874579483,22.00183203548294,7.26682939894728,323.47293140010413,3.887741184256801,21.53690678243258,7.23603178142905,-0.0036126619482423684,-0.07176603970875887,-0.04217479344267524,15.208354983505041,1.4838032073116438,3.916735129826267
T62A,-2.4,945.311097753337,1.5691007649868,154.11766317704848,324.77119779602754,41.441143166038906,4.590272078159712,16969.15564154978,222.30968633610001,81.64204218496931,277.1181056966951,-0.00189944229685645,1.437086297012739,0.244716816817254,2.8828059119840925,1.115290431579322,0.8970846702850178,0.9235276149137676,0.9572990870745306,1107.0711550806661,0.9913372558848048,0.06513271374139265,12.57662101634965,34.81678119753599,1.1037497903947968,1.068038165004131,1.1576894205697421,8041.427662910425,3.474598884902876,14.562384049147317,168.4153628809417,23131.48348363756,3382.531773863387,8763.12443580088,3.9982218560634935,7.072813987176798,2.5025591332433423,22.044281813412496,7.322064077309824,328.56433042927705,3.9252983376445356,21.989072171904798,7.447356487470907,-0.005977623113545226,-0.0732839914863784,-0.03862788527186102,15.404394895799339,1.494259724544559,3.9432087162397678
D77G,-2.2,945.1052369603678,1.544747544374173,154.1454965762915,307.5926430388002,41.712431266576864,4.592710421209783,16913.48750461053,221.54183600684618,81.87697584179895,273.3902477439315,0.0023455071081937852,1.437782859493646,0.2460912512651808,2.888366900108339,1.099598685872922,0.9040618123401541,0.9287598889561475,0.9664873889363605,1104.346454981873,0.9916228187800724,0.06532496501195631,12.5481484679677,34.89338180958048,1.090885794904705,1.043873331865414,1.14305335215049,8022.4293457704935,3.4534050534089777,14.64536505187537,168.51576863075852,23058.403341588553,3368.1403960023936,8739.442926322587,3.949807925215846,6.912654506070358,2.4425159983145304,21.95170153993842,7.321868072664124,329.4857866193797,3.879678130754086,21.85867299329879,7.421788714091174,-0.006188633238408683,-0.0731140362097342,-0.0370987855574994,15.26887701414518,1.4603209018854841,3.9030903898591687
A90S,-2.0,949.6436798614129,1.540063185852032,153.71946223569762,325.6103992895497,41.38112154455,4.5792832709845355,17053.12457986454,222.78134617841732,81.22051713765353,274.4158242918309,0.0004309770435222893,1.432967837457276,0.24462140276962038,2.876250081629761,1.097555286191191,0.9002822872251262,0.9387352820568982,0.9713137503869049,1110.833395010342,0.9937292599712919,0.06409495856488633,12.46294094981986,34.754163066854936,1.080023884138845,1.05746727794904,1.140937195503362,8061.984563900987,3.446788754072396,14.56154546637579,168.12652480761412,23204.20394305198,3410.948150095404,8761.177724452527,4.15161003002091,7.512230245390603,2.59877082906594,22.45997413548879,7.365293171976873,327.00893494866466,4.061466871609908,22.327535363421028,7.4697624644324225,-0.006141957792090335,-0.07475907622117024,-0.03932966316854126,15.5706559752402,1.506079351415344,4.001515315658701
L37A,-1.8,945.1222840911063,1.528000702538773,153.7643436135932,325.21260108595914,41.41123040302885,4.582528020843958,16944.886399893912,220.9861429563905,80.4719722198457,275.2792275936515,6.329458185053323e-05,1.4359168415417627,0.2437703939842621,2.8781298074761352,1.1088953952012601,0.8951147275063536,0.9283781709435235,0.9624874577597984,1103.7753200688742,0.9936688636474044,0.06421785267618849,12.419778811974941,34.68868338740293,1.0869708829797493,1.0787008782696321,1.14779245384834,8000.408694990084,3.458419429329865,14.53527433185476,168.1605182882732,23064.00374772947,3400.6596773934207,8692.496428586614,4.056692026296255,7.17795175493247,2.537000582573478,22.09574700816454,7.264688161678819,322.1237749039643,3.9811165775195017,22.035493977580792,7.387112267842179,-0.006024785543177025,-0.07373733076393274,-0.038583361086191904,15.335891324284438,1.4689651183414711,3.9197819182044973
E73A,-1.6,943.0998497464052,1.5568736873822888,154.23784299461508,307.5909367055895,41.481467429003274,4.587503937809089,16914.737873107013,222.74676433512633,82.3008857563872,275.6186661133536,-0.004908839450859895,1.4384718860894572,0.2456917860618768,2.8879677620009345,1.1046907329402642,0.9073556836583794,0.9263567710120079,0.9604930401621676,1104.334070877066,0.9897998749808531,0.06552240607774283,12.54346422006198,34.87287285447912,1.092927084135806,1.05700810420928,1.144587503918068,8029.091202629349,3.460929769904181,14.631624647710458,168.6459325559502,23059.57659412598,3355.0574042607536,8759.691089639866,3.943718629010884,7.477022711797434,2.442158296511694,21.95546555382924,7.340113054835686,331.60086398947476,3.8710441371900175,21.91528912395753,7.469396142099494,-0.006156119258174929,-0.07653357944284676,-0.04035536162953254,15.279858431224138,1.452023909434557,3.868305448673914
A60G,-1.5,948.4202828862086,1.5405103017994008,153.81443296355752,325.241462925197,41.40674457738628,4.583114711920873,16998.612658281367,221.57575339493752,81.09555479177038,273.16777537125364,8.920628634211426e-05,1.4339223349034158,0.2451789815233484,2.8797905610645165,1.093491352307303,0.9004378017897787,0.9395595678779755,0.9733948199861089,1107.694172310964,0.9941574180050422,0.06463753474565125,12.49652632451224,34.80651269516944,1.075536403202716,1.053056483016397,1.1333875288569089,8041.1869855635,3.445598927764931,14.591394161060782,168.1198626296948,23125.09122557095,3395.634958357138,8739.022468348656,4.037446576275061,7.146874723287089,2.537625410657881,22.13163812812359,7.319329822383021,326.8685266869182,3.9630598383782014,21.998045412324203,7.398468037787396,-0.006013000476300774,-0.07851231782311327,-0.04292063515173864,15.46135643301607,1.506079351415344,3.972341643995004
V23F,-1.5,949.4499350224356,1.5721923950333232,153.8126886633255,325.2810789493146,41.36865190895437,4.5705437147529935,17108.52673771604,222.80564417012843,82.2304638481667,279.6840716367364,0.00016598479649363118,1.432733584029506,0.24484047892783362,2.876895474397614,1.107061628094262,0.8969438080262284,0.928752664091753,0.9632922711947355,1116.75421720873,0.9899701740169903,0.06475694906227217,12.496199346964849,34.71404827537979,1.087071717071506,1.070601192323209,1.1447002280448193,8099.883893316028,3.4693300134651843,14.52176298445996,168.09633614687974,23268.41109360704,3402.6910214215764,8816.465057969097,4.060243855339791,7.203208915124662,2.539282731032635,22.293770309408973,7.37755293612207,330.8835266393067,4.026845417476042,22.62176840126973,7.675394956122181,-0.006586862492268218,-0.054065881346744005,-0.024634398605756037,15.714511222241692,1.518531714852354,3.9985967511027845
T33S,-1.4,947.1980334308707,1.553531347440334,153.8811598263418,325.2433068308263,41.411205903266385,4.586442946703597,16997.01858183095,221.7020538701786,81.17589693628688,275.17056179784197,-0.0004935834632078355,1.435428739372011,0.2443811332952992,2.879303595845607,1.105194318652158,0.8950343309821402,0.9332604575889103,0.9655748589308228,1106.900230724607,0.9935806789522686,0.06463753474565125,12.514095581225678,34.77341977220975,1.090128354777018,1.059106512843583,1.1513693751299718,8039.89686814366,3.4604052741401268,14.552124663728842,168.33658495647597,23145.99971097338,3396.505412543662,8749.674987620083,4.073781338958123,7.216711435099013,2.545676351465103,22.27704230334094,7.335444166671486,325.7136123560921,3.9944717893666506,22.19453034261669,7.450296391239666,-0.006253767846342124,-0.07632613372244527,-0.03974022140959422,15.45375913488435,1.486756403609609,3.972341643995004
G79S,-1.2,949.028320673205,1.553015234822165,153.87019535648,325.82703140494993,41.38236118052722,4.579318232226502,17079.76983947306,224.4076016004463,81.73735945721641,277.86512997801776,0.00212333487726822,1.433629330531616,0.2443731922742169,2.8763603479413264,1.10902358668868,0.9014296407198105,0.925658569174262,0.9597460167705314,1114.322743350518,0.9909130350563833,0.06416257083061616,12.490008960111911,34.74679898525893,1.0933007854261318,1.0678373685297369,1.152813268750346,8084.333931163797,3.461444153306585,14.542098295504431,168.2195036497747,23272.23968567101,3416.362615081769,8796.852638089966,4.141996528554047,7.395344417175872,2.5961729753626175,22.49903566188,7.396441733536176,329.3278232345491,4.047156259897019,22.41099873831274,7.530166641160226,-0.0058782045071630986,-0.07537414962566441,-0.04106740644580631,15.63256123110369,1.506079351415344,4.006157412675792
L89F,-1.2,948.9337401268979,1.564737960414141,153.9067688756121,325.28940367266466,41.36499973408043,4.569160709622255,17084.27920319296,222.8867290150285,81.73928025867905,278.7130418594274,-0.00018496882113700676,1.431634323699738,0.24542117126481622,2.877171943238822,1.105018681689766,0.9025444121920106,0.9275474245949699,0.9624874341397425,1115.883392665423,0.9899106869991903,0.06467460444889336,12.55781692113403,34.734969206004244,1.0816446312341261,1.070620647140632,1.1466217567434591,8078.494881053857,3.4551673056194323,14.56770090514363,168.1740496942899,23230.70914934409,3400.464663361154,8796.389306578327,4.080783372047909,7.248029538272718,2.543417850037725,22.29374659328561,7.358199212219707,329.21645727567244,4.080146383612879,22.70076358592855,7.647019209376092,-0.004974816489213936,-0.06837922275940508,-0.037048918511125385,15.672281022260758,1.506079351415344,3.972341643995004
W140Y,-1.1,949.7185424730884,1.5414926048338777,153.8973491149615,325.1182778818225,41.39121495594942,4.578031678093225,16985.73777032859,222.556860385758,81.40856347466347,274.21136243975377,0.0009902257904491052,1.4345930394594908,0.24389163136997588,2.87588290163923,1.1004782460784408,0.9025117328818828,0.9298831214935733,0.9663132295192179,1104.919050818594,0.9946414214102228,0.06423734587012012,12.39174689252166,34.77935255691101,1.0804074913362338,1.0547897816214111,1.146469636051156,8040.04484296296,3.4546230300604663,14.57566631951606,167.94186390147627,23165.14952835862,3407.6924762072413,8748.742423122923,4.092211296357638,7.289974031851534,2.5823592258916697,22.27986265394232,7.343544057660305,327.94536017644776,3.9857693877340195,22.14966400020797,7.4665271406754,-0.00406076834430986,-0.06995530649055066,-0.04015662239748176,15.42150196460579,1.506079351415344,3.972341643995004
F76W,-1.0,945.8916269507542,1.566954398640438,153.97098317556294,325.8556403564737,41.44612806166438,4.59758170263539,17094.787985038805,223.53592612993663,81.42097372569143,279.24625503769175,0.001202034362736928,1.4328113902513748,0.245619584500252,2.8800175342980685,1.105339220638673,0.901304405695103,0.9323935685481762,0.962889594986399,1117.881117335543,0.9924891088716606,0.06431769218059297,12.50752750319767,34.82622792166257,1.093533760306946,1.071055005969435,1.135445681453984,8089.340106474013,3.4583591209922737,14.58634722710922,168.48322230078662,23245.467792935502,3404.7249209346337,8795.986238914766,4.127181397726643,7.2681222926935245,2.5516257284092196,22.444750614092932,7.388308486679813,328.755073530751,4.03330155780152,22.19484858807914,7.438657523193855,-0.005447040871928982,-0.06088204717821336,-0.03094268725976197,15.680638677732711,1.506079351415344,3.972341643995004
W140F,-0.6,949.5271506355384,1.54368146712596,153.94804920615243,324.8015163417167,41.37694059618839,4.569277564278939,16959.576246296387,222.8643381953631,81.76320502510286,273.7990036959597,-0.0009742946707237601,1.4363512990620322,0.24428849752039028,2.8795734688742227,1.106790336104336,0.9015378499360176,0.9224332695403618,0.9615316366712954,1104.919050818594,0.9902358673763318,0.06495196886213997,12.53815490569081,34.77129783077569,1.088231291334027,1.05922670718366,1.1554986755289942,8037.7760039538025,3.462416489472185,14.55725432747316,167.95026293101571,23138.1568419638,3393.834972340257,8751.420144967678,3.9526056696781238,7.008699881241789,2.5194422918172905,21.94742616958144,7.314821084075038,329.2360377627234,3.891741843363654,22.01861934391599,7.485279715700287,-0.006963446962728293,-0.09164638583144691,-0.04876093242691298,15.375993731877191,1.506079351415344,3.972341643995004
W140H,-0.4,948.4276656113165,1.521792844205132,153.7151456622448,337.6856662864999,41.54426781338681,4.567300828901519,16943.2252937763,221.7994574197253,80.7739417528245,272.3432814329844,0.002384401601603996,1.437630033318432,0.24326798456218213,2.8774025469712856,1.1049254004148659,0.8960191799094488,0.9272618772878136,0.9663132295192179,1101.3704443035451,0.9917502765754816,0.06438027046852408,12.41389264241277,34.71125350867612,1.084738523477869,1.0523418226905172,1.1717805499972231,8013.493005313323,3.462416489472185,14.522271542591591,167.93178506602857,23107.79006976961,3413.5398622320363,8708.041051082657,4.023322930354207,7.175879728505613,2.566506140140644,22.05026623308878,7.297235590043243,326.35625127034075,3.912292773720052,21.791933224765778,7.361414022772746,-0.003248018331152702,-0.04931719216620266,-0.028045120779966976,15.330485499148589,1.506079351415344,3.972341643995004
I18M,-0.2,947.5185662682501,1.5248761517298022,153.6623100857703,325.6182797434833,41.38453340937124,4.610403167372542,17055.78976242942,222.07590394676623,81.28506196369833,276.9157360470737,-0.0010530434132674043,1.4364417018771483,0.24415754282325702,2.880027772455582,1.1115853543994727,0.8941795709614123,0.9290956227952286,0.9612593781109113,1112.689087917541,0.9916111922308415,0.06412125188062405,12.400483557637902,34.70553090969698,1.091330844032062,1.065928704624676,1.1558281189294182,8058.803716500374,3.4733718692931363,14.49482362815768,167.9556778634915,23227.44594611864,3409.4706805216933,8779.071226001452,4.056843936544785,7.181001390814069,2.537255142740052,22.198806333552632,7.325385533494684,326.1518923827329,3.992592940953076,22.291274924465558,7.526532811348135,-0.006215167057914434,-0.06798392934276046,-0.03351366540640307,15.512518430063022,1.4929038597444189,3.999484586601355
S141A,-0.12,946.070399294795,1.5638094760106012,154.16563651367858,324.8207167211275,41.433541998024474,4.586584492931865,16997.11736194809,223.5317993132741,81.87469861997555,277.9646611589025,-0.0017006625696345374,1.4360737213355619,0.24513524542809112,2.882856456267129,1.1148815722445249,0.9022821331598484,0.9173893015205474,0.9543954663301795,1110.833395010342,0.9891540585571361,0.06504289903812724,12.57583316184285,34.834014575984604,1.1027039716929659,1.0744265337110852,1.15036837444744,8061.607256806191,3.4732952166797637,14.578539501307532,168.2840306991722,23174.571022482178,3386.995131283543,8781.046924946071,3.9375175316650854,6.927859486448821,2.479754301422573,21.95642328126608,7.335547628607375,330.3459886179702,3.873426683200453,21.92974311620652,7.461071119514267,-0.0064032471321382525,-0.07802803584243959,-0.040578791019252464,15.4622916630486,1.506079351415344,3.945406938928131
F76V,0.0,946.0581634512719,1.5386168461068839,154.1012597446532,325.16425204812225,41.45238941586299,4.595810234384629,16935.41508553838,223.5280330586902,81.15960893083384,272.8640545930565,0.00022603996266431416,1.436374688667607,0.24497645707109955,2.882514239867163,1.105045687635404,0.9054371615104608,0.9260126899983343,0.9610855896733244,1104.7253689951672,0.9927770721183746,0.06455030495518077,12.548909135722079,34.87701755542166,1.0947880597080082,1.059482500465279,1.1466405034563047,8024.060183349227,3.4514533541182715,14.616915038316922,168.3214272700001,23107.25364741346,3394.458734340991,8731.982117216849,3.9965788851978585,7.084292652392792,2.525066603068691,22.04537830930934,7.321165345334433,327.7352156281786,3.850781423405249,21.57080591572165,7.30825436703589,-0.0023771858848968728,-0.03556413753869029,-0.020763991272530515,15.288358099836751,1.4860572712733462,3.9405786297675705
H46Y,0.0,949.1210857653143,1.5911789914012542,154.15472515164382,312.984059468317,41.236262583519895,4.594663911937237,17069.269530435864,224.13859999730371,82.514431438956,278.3556409753514,3.041249205332514e-05,1.431409101397184,0.24566295635629115,2.878136824503258,1.1018630731035632,0.9091532691023321,0.9300921425796261,0.9621957467890626,1114.82432547812,0.9943170920784234,0.0644645280834563,12.497834157812878,34.874826488778275,1.086654342311839,1.0676851601762698,1.124890802171762,8092.649911461897,3.452786664604578,14.632646959016062,168.2212437058347,23252.293221580876,3392.932783267121,8819.967399540685,4.079517209080786,7.200325441627706,2.5443553474391507,22.39454744374913,7.406415869300007,331.97061047024806,4.005844312669634,22.474878268241028,7.6237437891374125,-0.006447080634933736,-0.0768521988183646,-0.03832296307440823,15.61632236769907,1.506079351415344,3.972341643995004
V66L,0.3,948.2809257912068,1.5592151780710881,153.866815873304,325.241462925197,41.41124551258794,4.5842929895362,17048.89400526513,223.14273470647407,82.00052358292623,277.50155982482744,-0.0001385284497216972,1.43576170389369,0.2443829565528432,2.879556906634151,1.108526095399343,0.896604766112663,0.9284721485316012,0.9629498969494369,1111.7749488505779,0.9913372558848048,0.06470600116398442,12.459111529095928,34.777764312555476,1.098766395213978,1.06436113694674,1.143164115712581,8082.965149129492,3.4753051206853263,14.528539222806192,168.134284223024,23226.17452362783,3401.5294198408455,8790.641895377279,4.032594804623889,7.140139044783609,2.533706457853707,22.20209816728379,7.366639884715542,330.44713509223084,3.954217895302572,22.11603523772508,7.481550890632863,-0.006107489458868204,-0.07614525146523762,-0.04031375365965409,15.567896010627482,1.52068882990913,4.0012804283064565
G88V,0.5,949.3107498789914,1.5840988056174852,154.3975500885457,325.2743241161318,41.408538689872074,4.5825226273337405,17101.055901647625,226.64006759187959,82.6439893460174,279.707504136216,-0.0010800260126742586,1.432801641647926,0.24632164585507269,2.8816643829462163,1.1127803065165252,0.9143705732191499,0.9120689285615496,0.9494904886730824,1120.494564986413,0.9860597725212827,0.06498539522247664,12.70551403435278,34.91804926581981,1.102218204127643,1.065319315750968,1.15658830522652,8122.298218788101,3.462967860805447,14.631944956749411,168.43187346537678,23339.953318944208,3398.071686135885,8868.049133883067,4.011211117096358,7.075849701744353,2.5270134222572542,22.30545213808929,7.444575120186991,335.8722188601598,3.9281637623795325,22.265414777470028,7.5884957937789705,-0.006112370236549036,-0.07508357786220371,-0.03958611936006943,15.684564555063062,1.524644204020291,4.002168033566821
H124L,0.7,947.7503629822122,1.5727013162901489,154.2558708900648,310.23348427766575,41.256518949304976,4.599185219184454,16978.353289448343,224.7808400278512,82.6366010319523,275.5805017164957,-0.010373481243933311,1.436221953296411,0.24559972678064002,2.884532650213255,1.109149362540284,0.9068245259836681,0.9224241052222167,0.9569082055643159,1109.8722606612178,0.9911950782993474,0.06514806607356186,12.619902902705011,34.92051169342359,1.1053821080674713,1.065479280223411,1.12547296104422,8073.189283809901,3.4659045763723375,14.61181986075795,168.2655692160678,23178.74562101128,3374.1749196264427,8799.74592000021,3.904542220740865,6.840787085917325,2.4691452577950495,21.93570596315208,7.3610099552539605,332.88375992186826,3.811406174514527,21.84018153720886,7.47558282118391,-0.004887619068427637,-0.07016407383240905,-0.03961040832341419,15.393540334768309,1.506079351415344,3.972341643995004
