AASA8Ht,AASA1pK.,AASA2pK.,AASA5Rf,AASA5Hnc,AASA4ac,AASA3DCph,AASA5DGc,AASA8DG,stability
0.283765,-0.2678,-0.260466,0.124409,-0.274766,-0.327883,0.313201,-0.170811,0.005008,0
0.352514,-0.219689,-0.218015,0.980016,-0.357852,-2.021459,1.747252,-0.382532,0.071054,-0.4
0.241483,-0.580287,-0.536554,-0.208945,-0.123816,-1.568572,-0.168793,0.545574,0.42362,-1.4
-0.936876,-0.565791,-0.581096,-0.066511,0.027225,-1.658374,-0.397754,0.694673,0.096549,3.4
0.310924,-0.389488,-0.391693,0.483219,-0.295334,-1.637442,2.260033,0.144526,-0.497132,0.1
0.256554,-0.531392,-0.544765,-0.099847,0.545676,-1.489883,-0.588255,1.309241,0.351747,-4.2
-0.716306,-0.554821,-0.554371,-0.111969,1.371192,-0.878066,-0.346289,1.434703,-0.132425,-0.1
-0.306107,-0.247663,-0.236762,0.33715,3.985191,-1.472051,0.388884,-0.00621,0.035117,0.7
-0.855028,-0.245939,-0.240247,0.620803,1.257934,-1.910466,0.328313,-0.053834,-1.078672,0.4
-0.086495,-0.243353,-0.236529,0.665452,-0.147917,-1.407833,0.42416,-0.136827,0.281574,-2.2
-0.517038,-0.245782,-0.236452,0.660199,0.274853,-3.375466,0.353649,0.056215,-0.544481,0
-0.413729,-0.244685,-0.240247,0.392305,1.89218,-3.439555,0.421898,-0.033724,0.148754,-1
0.3744,0.145296,0.144447,1.913609,-0.002947,-2.251972,3.002415,-1.263546,-0.041612,-2.2
-0.265316,-0.31027,-0.304157,1.993411,-0.422908,-1.95905,0.332554,-0.174527,0.058185,0.4
1.007886,-0.2678,-0.260466,1.366707,-0.084492,0.980125,0.584263,-0.16678,0.199988,-2.6
0.530961,-0.2678,-0.260466,0.324219,-0.497658,0.549075,1.322607,-0.226578,0.139285,-2.3
0.827574,-0.2678,-0.260466,0.775965,-0.251933,0.132497,0.373011,-0.240497,0.016178,0.6
0.935143,-0.2678,-0.260466,0.736871,-0.502098,0.62208,0.673977,-0.245059,0.095821,-5.8
0.330308,-0.2678,-0.260466,0.623935,-0.513514,0.592878,0.469281,-0.26291,0.107233,-7.4
0.972952,-0.2678,-0.260466,0.997492,-0.287179,2.280768,1.003089,-0.217445,-0.065165,-7.5
1.54589,-0.2678,-0.260466,0.984462,-0.165585,0.388207,1.173563,-0.181653,-0.267915,-1.2
0.119856,-0.664677,-0.637646,0.804451,-1.312483,0.178626,0.208189,0.021017,-0.788752,-1.1
1.220148,-0.2678,-0.260466,0.658685,-0.199925,1.265166,0.899782,-0.219992,0.065469,1.9
0.562912,-0.2678,-0.260466,1.205991,-0.197298,1.148229,0.842531,-0.245914,0.065469,-0.5
1.400459,-0.2678,-0.260466,0.367656,-0.170025,1.177431,0.658465,-0.230294,-0.256503,-1.5
0.283765,0.836168,0.986344,0.46443,0.521031,0.801426,0.18024,-0.390054,0.474368,-0.6
0.263423,0.836168,0.986344,-0.395622,0.41176,-0.250873,-0.032772,-0.379221,0.385256,-0.5
-0.525664,1.885443,2.068694,-0.9302,0.638548,1.54142,-2.604215,0.1567,-0.099402,-3.9
-0.170634,1.841485,2.02113,-0.285717,0.085757,-0.450763,-0.674685,-0.095232,-0.029957,-3
-3.453404,2.09301,1.893079,-1.315678,-1.09249,0.721961,-1.81426,0.311359,-0.011746,-10.6
-1.814309,2.04482,1.849156,-0.435625,-0.597597,-0.396882,-0.407193,-0.059547,-0.000576,-1.5
-3.048689,1.926972,1.996341,-0.879288,-0.102614,1.148617,-1.811883,0.218108,0.198046,-15.5
-0.125476,0.919147,0.960083,0.361394,-0.231728,0.313264,0.089669,1.376318,7.218295,-17.1
-1.148606,1.971713,2.042433,0.194111,-0.202281,-0.522088,0.028427,-0.149442,0.005008,-0.4
-1.879383,1.79259,1.85822,-0.210156,-0.107144,-0.230716,-0.47605,0.483086,1.969376,-7.4
-4.217942,1.389445,1.443701,-0.935048,0.049152,0.77946,-1.6672,0.74379,-0.510244,-15.2
-1.587083,1.882152,1.950327,-0.265917,-0.206811,-0.424921,-0.406388,-0.08106,0.069354,-5
-0.344821,1.906207,1.856903,-2.203005,-0.786512,0.579699,-2.473982,0.52003,-0.044769,-7.2
0.20655,0.907942,0.884631,0.673938,-0.402703,0.066212,0.020025,2.577375,-1.846694,-3.4
-0.557136,1.906207,1.856903,-3.592989,-0.880743,-0.399466,-3.411744,0.649091,-0.135581,-16
0.013565,1.950557,1.900129,0.286035,-0.490229,-0.447275,-0.060298,-0.132859,0.005008,0
-0.124304,1.773079,1.727303,-0.651395,-0.773012,-0.268187,-0.721952,0.99071,-0.499317,-5.4
-0.56539,1.617776,1.57609,-3.172761,-1.325077,-0.172571,-3.285237,2.729208,0.269433,-15
-0.56539,1.373773,1.338425,-2.332306,-1.237551,0.352803,-2.28422,1.453805,0.137099,-9.3
-0.069135,1.861857,1.813755,-0.780696,-0.476819,-0.387579,-0.630586,-0.011392,-0.011746,-4.6
0.151434,1.595601,1.554477,-0.55442,-1.028885,-0.280075,-0.835407,5.113002,-0.813519,-15.8
-2.437303,1.994359,1.815614,-1.875712,-1.078174,0.491576,-0.540445,-0.161714,0.083437,-11.3
-1.243874,1.948206,1.77324,-0.653415,-0.591889,-0.381764,0.024142,-0.168715,0.030989,-2
-0.600324,0.126961,0.081855,1.229931,1.552677,0.914356,0.101412,-0.384953,-0.046711,-2.5
0.318219,-0.021055,-0.046506,2.059072,1.569893,-0.123212,1.16954,-0.287329,-0.141409,-0.5
0.125128,-0.891363,-0.734556,-1.700247,-0.058307,1.21852,-0.929602,0.493883,-0.044769,-15.6
0.834657,0.406538,0.35678,0.742629,-3.252279,0.272046,1.182419,-1.706963,-0.134853,0.8
0.290795,0.406538,0.35678,0.151886,-2.954455,-0.692518,0.39498,-1.611994,-0.189972,0.2
0.319284,0.024705,0.042347,-0.486941,0.695902,-0.901582,0.334711,-1.948116,-0.551765,7.8
0.308741,1.006123,0.772926,0.954258,1.905409,0.897947,0.276144,-0.523254,0.254379,5.5
-0.653842,1.006123,0.772926,0.280985,1.80855,-0.059382,0.134297,-0.510613,0.2942,4.8
0.290315,0.916327,0.979604,1.227304,1.191882,1.216065,0.242388,-2.315081,-0.292196,1.8
0.037315,0.916327,0.979604,0.332502,1.126736,0.010393,-0.028674,-2.238179,-0.339545,1.1
0.576811,-0.011731,0.060164,0.739599,0.288988,0.862284,0.597777,-0.499914,0.050657,-2.2
1.450037,0.043981,0.053347,0.797177,-1.01475,1.182341,0.611888,-1.061758,0.973352,-4.7
1.256626,0.001355,0.014924,0.806269,0.027225,0.828689,0.803219,-0.690834,-0.204541,-1
0.97865,-0.004208,-0.016604,0.806269,0.027225,0.665883,0.886364,-0.690834,-0.256746,-5.7
0.341171,0.008172,0.015622,0.821422,-0.133873,0.806206,0.64011,-0.69993,-0.132425,-2.1
1.11162,0.00684,0.05265,0.294117,0.324234,0.660197,1.371817,-1.189037,-0.04744,1.6
1.181114,0.262048,0.311231,0.15835,0.049786,0.110661,0.135478,-0.431353,0.857287,1.6
2.302814,0.217933,0.263589,0.531707,0.272679,-1.758772,1.861932,-0.579624,0.702371,1.3
0.576811,0.218873,0.313709,0.197948,-0.477181,-0.033281,0.245276,-0.950116,0.031475,-6.3
0.943184,0.178285,0.265913,1.006888,-0.616081,-1.289217,0.905114,-1.393623,0.026619,-5.6
0.507317,0.286182,0.246702,0.207646,0.037192,0.073448,0.248415,-0.727238,-0.195799,-1.5
0.786837,0.24003,0.204483,1.123258,0.251295,-1.637184,0.87776,-1.043898,-0.159377,4
0.338136,0.268395,0.246702,0.240376,0.488232,-0.107707,0.288575,-0.457482,-0.222509,-3.8
0.406138,0.223731,0.204483,1.516009,1.012119,-1.046041,0.527801,-0.620626,-0.180988,-3.6
0.803451,0.262048,0.331449,0.157543,-0.481349,-0.063646,0.25835,-0.629632,-0.05181,-6.2
1.453019,0.217933,0.282103,0.522009,-0.623239,-1.189724,0.791187,-0.89075,-0.041612,-2.9
-0.373417,-0.224077,-0.220184,-0.248947,-0.497658,1.577728,-0.987299,-0.02254,0.002095,-1.1
0.940895,-1.208003,-1.126067,0.506251,-0.22149,0.566131,0.772201,0.551486,-0.147965,-6.9
-0.89912,-0.748832,-0.703337,-0.282888,-0.822302,1.130786,-0.853424,0.237993,0.017392,-1.2
0.000518,-0.217809,-0.210733,-0.328952,0.318525,0.834245,-0.73424,0.088552,-0.021216,2.2
-0.058964,-1.042435,-1.031559,-1.060511,-0.042632,1.824264,-1.389747,0.970403,0.017877,0.7
0.567013,-1.342306,-1.330034,0.588074,-0.416656,0.217389,0.682886,1.09267,-1.44775,-0.2
-0.217602,-0.217809,-0.210733,-0.772009,0.499104,-0.342226,-1.267089,0.151544,-0.093332,2
0.646305,-2.66677,-2.648268,0.412911,-0.661747,-0.256042,0.849473,-0.248622,0.017877,3.6
0.368756,-0.167817,-0.160923,0.46443,-0.249034,-0.399596,0.637246,-0.230096,0.017877,0.3
0.227105,-0.367784,-0.359932,0.165623,0.292703,-0.184329,0.261285,0.318278,-0.381309,2.2
-0.220424,-1.017439,-1.006615,-0.792616,2.124405,0.10252,-1.322427,1.107498,0.161866,0.3
-0.00518,-1.542273,-1.528966,-0.875045,4.381686,-0.672103,-0.595038,1.844839,0.430176,3.7
0.510353,-0.567672,-0.558941,0.196534,0.782884,-0.198672,0.196819,2.330221,-0.629951,-0.6
-0.075046,-0.227368,-0.21848,-0.400068,-0.112762,0.993046,-0.769763,0.109112,-0.037727,-6
0.283765,-0.221492,-0.212902,-0.635637,-0.847853,0.574401,-0.506331,-0.052718,-0.011017,-5.5
-0.037291,-0.24304,-0.243036,-0.511186,-0.587359,0.538351,0.159794,-0.179125,-0.04404,-3.5
-0.856838,-0.224704,-0.212747,-0.44007,-0.046166,0.675444,-0.32809,0.061875,-0.049625,-6.3
1.424316,-1.194369,-1.286963,0.701717,-0.329493,0.142834,0.539539,0.962701,-3.01536,-3.6
-1.73507,-0.224704,-0.212747,-0.991719,0.02342,-0.340158,-0.654324,0.118379,-0.199199,-9.6
1.743668,-2.336418,-2.55221,0.483622,-0.423905,-0.265862,0.641531,-0.240623,0.032204,4.6
0.625909,-0.181608,-0.164951,0.547769,-0.26489,-0.389776,0.511596,-0.223996,0.032204,-0.2
0.055634,-0.353993,-0.355904,0.175726,-0.056133,-0.203969,0.281416,0.267964,-0.797736,-1.3
-1.746466,-0.914243,-0.976636,-1.017378,0.649783,0.043729,-0.688204,0.975999,0.331351,-5.6
-0.87963,-1.366754,-1.477916,-1.120009,1.519606,-0.62507,-0.242864,1.63749,0.889095,-1.6
-1.769257,-0.50483,-0.523075,-0.824941,0.351506,-0.104864,-0.610313,1.029184,0.46757,-5.9
1.196238,-0.526378,-0.546934,0.214213,0.132782,-0.216374,0.241946,2.072954,-1.314688,-1.5
0.223324,-0.221648,-0.21112,-0.813425,-0.147464,0.978575,-0.727324,-0.104328,-0.043312,-1.5
0.21065,-0.983354,-1.024975,-2.32675,-0.224933,2.091603,-1.378503,0.121708,0.029047,-1.8
0.344206,-1.260345,-1.320971,1.083558,-0.305301,0.285096,0.680445,0.153047,-2.671292,-1.2
0.176782,-0.221648,-0.21112,-1.729946,-0.108684,-0.343905,-1.256655,-0.088186,-0.175888,-0.9
0.361087,-2.483807,-2.628049,0.721214,-0.357852,-0.247126,0.845932,-0.190759,0.029047,1.9
0.301871,-0.175418,-0.161775,0.827786,-0.269239,-0.408511,0.635106,-0.186008,0.029047,0.8
0.271677,-0.360105,-0.35908,0.209667,-0.152991,-0.166498,0.261628,-0.045448,-0.706438,2.7
0.176196,-0.960317,-1.000341,-1.772574,0.240151,0.156014,-1.311628,0.156844,0.2942,-1.4
0.2221,-1.445032,-1.518276,-1.943091,0.724624,-0.714872,-0.589041,0.345846,0.788327,-0.3
0.174972,-0.521676,-0.531751,-1.452859,0.074069,-0.037545,-1.185246,0.172041,0.414636,-1.6
0.332118,-0.544791,-0.556385,0.27361,-0.047797,-0.182649,0.197587,0.470265,-1.164386,-1
-0.856838,-0.218201,-0.221888,-0.320063,0.683217,0.588873,-0.580834,0.2014,-0.049625,-3.1
-1.769257,-0.812928,-0.684745,-0.360468,2.078648,0.373865,-0.4888,0.855423,0.249765,-2.8
-0.28651,-0.224077,-0.218402,-0.715642,-0.208261,1.801523,-0.219636,0.012883,-0.049625,-4.1
-0.742773,-0.748832,-0.723013,-0.79201,-0.111312,1.301991,-0.164785,0.33567,0.249765,-2.1
0.398577,-1.004745,-0.910635,0.515949,-1.474397,0.418959,0.859662,-1.408361,2.329713,-1.5
0.732413,-0.948877,-0.971059,1.475603,0.965728,0.041662,1.387597,-0.024727,3.664221,-2.1
-0.810722,0.055343,0.057531,-0.545329,-0.625867,1.494258,-0.240908,-1.53547,-1.244272,-10.4
0.405393,-0.983354,-0.964551,0.623429,-1.181828,0.406038,0.602478,-0.924194,1.683827,-0.8
-1.278967,0.055343,0.057531,-1.110009,-0.489413,-0.580879,-0.558026,-1.497131,-1.09664,-9.7
0.341171,-0.930855,-0.985777,0.665654,-1.784543,0.323343,0.591829,-1.629584,0.026376,0.3
0.35475,-0.981709,-0.825655,0.888294,1.059415,0.083009,0.972572,-0.690465,-2.169152,-4
0.500554,-0.955459,-0.891036,0.684848,-0.491316,0.398286,0.427278,-1.082803,0.069597,-1
