AASA2Ht,AASA3P,AASA2P1,AASA1m,AASA3Hnc,AASA4Hnc,AASA10V0,AASA2ASAD,AASA2DASA,AASA10DASA,AASA4GhD,AASA10TDS,AASA2s,AASA5s,AASA10s,AASA2f,stability
0.449166,0.159764,0.619233,0.491648,0.328867,-0.156848,0.644052,0.738155,0.581733,0.528828,0.24241,-0.243615,0.626231,0.610264,0.715722,0.710295,0
-2.323922,0.159583,-2.553498,-1.716286,-0.329061,-1.234497,-1.490493,-1.395966,-2.164249,-1.919073,0.52229,-1.023286,-0.992336,-0.064238,-0.040513,-0.532721,-5.4
-2.895722,0.159764,-0.824757,-1.686057,-0.204171,0.708456,-1.532896,-1.409652,-2.053937,-1.292422,-1.26304,4.698771,-0.992336,0.610264,-2.309217,0.088787,-5.3
-0.809872,0.14636,-1.147468,-1.436664,1.01697,-0.071187,-1.883235,-1.613307,-1.223414,-1.836092,0.366401,1.85096,0.626231,-0.064238,0.337605,-0.843475,-4.7
-2.135174,0.146252,-1.996439,-1.734089,0.53217,-0.610856,-1.055729,-1.862565,-1.857558,-1.329573,0.117302,-0.379626,0.22159,-2.762249,0.337605,-0.843475,-4.7
-0.076064,0.159069,-0.560338,0.167004,1.118732,-0.984992,-1.251062,-0.770214,-0.749736,-1.388104,0.263317,0.682467,-2.610902,-0.738741,-0.796747,-1.775736,-4.6
0.125947,0.083819,0.595523,-1.069774,0.868513,-0.844555,0.289635,-0.255369,-0.093673,0.228334,-1.997134,-0.967732,0.626231,0.610264,0.715722,0.710295,-4.5
-1.416784,0.146252,-0.704552,-0.648474,0.492082,-0.521333,-0.68179,-1.129766,-1.229043,-0.850732,0.06065,-0.356365,0.22159,-2.762249,0.337605,-0.843475,-4.1
-1.047422,0.15473,-2.141505,-1.333396,-1.006151,-0.086871,-1.514438,-1.462463,-1.704282,-1.57074,0.54325,-1.116606,-1.801619,0.610264,-0.040513,-1.154229,-3.9
0.645649,0.024036,0.594351,0.687204,0.442963,0.535685,0.190015,-0.071598,0.620902,0.561655,-2.394629,0.217674,-2.206261,0.610264,-1.174865,-1.464983,-3.9
-1.292387,0.159583,-1.125769,-0.030356,-0.170251,-0.974375,-0.92095,-0.653874,-1.303329,-1.151608,0.464879,0.18166,-0.992336,-0.064238,-0.040513,-0.532721,-3.6
0.689746,0.100935,0.59325,0.578467,-0.294039,-0.609528,0.100152,-0.041725,0.616639,0.566802,-1.361142,-0.376945,-0.183052,-0.738741,-1.9311,-1.154229,-3.6
0.469181,0.155782,-0.820765,-0.952334,0.597368,0.930211,-0.409858,-0.46625,-0.037832,-0.317579,0.202506,-0.39216,0.626231,-1.413244,-0.040513,0.088787,-3.4
0.492146,0.019037,0.606164,0.798543,0.257942,0.947826,0.181908,0.26955,0.600353,0.55732,-0.806588,-0.779998,-0.587694,-0.738741,-2.309217,-0.221967,-3.2
-0.192381,0.100935,-0.575963,0.04642,-0.605492,-0.835869,-0.599961,-0.887978,-0.105642,-0.218965,-1.291422,0.027806,-0.183052,-0.738741,-1.9311,-1.154229,-3.1
0.699022,0.16976,1.794071,0.452799,-0.805932,-0.922737,1.389943,1.398645,1.347428,1.184429,0.097983,-0.101747,0.828552,0.610264,0.715722,0.865671,-2.9
-0.074789,0.024036,-0.525307,-0.511202,0.500012,0.881951,-0.394427,-0.950266,-0.189576,-0.117603,-2.279975,-1.182668,-2.206261,0.610264,-1.174865,-1.464983,-2.8
-1.119614,0.154618,-1.058002,-0.001521,1.079966,-0.889437,-1.157993,-0.641307,-1.190171,-1.170659,0.468472,-0.805175,-0.587694,-1.413244,-1.552982,-0.221967,-2.6
-0.96146,0.155911,-0.852391,-0.807297,-1.931038,-1.25356,-1.522422,-1.122694,-0.911392,-1.622209,0.384259,0.042091,0.626231,-0.064238,0.337605,-0.532721,-2.6
0.708246,2.066537,0.465699,0.41147,0.069837,0.532307,0.529959,0.67607,0.49796,0.43431,0.38297,0.281821,0.626231,0.610264,0.715722,0.710295,-2.5
-0.459887,0.14636,-0.27489,-0.49612,0.881288,-0.088078,-1.327251,-0.950741,-0.758295,-1.22674,0.422547,1.492733,0.626231,-0.064238,0.337605,-0.843475,-2.4
0.982902,0.155782,0.12216,0.928383,0.668293,1.217359,0.130278,0.180325,0.452354,0.352079,0.199134,-0.178154,0.626231,-1.413244,-0.040513,0.088787,-2.4
0.334551,0.019037,0.018093,-1.082174,0.222479,1.500164,-0.412968,-0.238937,0.215074,-0.032231,-0.76098,0.848307,-0.587694,-0.738741,-2.309217,-0.221967,-2.2
-0.241927,0.229026,0.40385,-0.548813,2.328861,-1.218571,0.648511,0.866139,0.40776,0.377686,0.517804,0.293315,0.626231,0.610264,0.715722,1.021048,-2
-0.49072,0.15473,-0.899173,0.060168,-0.683906,-0.103762,-0.938506,-0.697248,-0.987571,-0.912484,0.481539,0.232562,-1.801619,0.610264,-0.040513,-1.154229,-1.8
0.571968,-1.76467,0.359931,0.242484,-0.135449,2.337236,-0.107314,-0.722018,0.396195,0.360618,2.107853,-0.410277,-1.194656,-1.413244,-0.41863,-2.552621,-1.6
0.256776,0.159764,-0.325771,-0.834761,0.67424,0.076248,0.220675,0.231613,0.120946,0.134295,0.288019,0.426316,0.626231,0.610264,0.715722,0.710295,-1.5
1.201393,0.160007,0.368736,1.785324,0.464549,-0.002898,1.408797,1.528137,1.33414,1.099524,1.024385,1.074355,1.435515,0.947516,1.09384,1.331802,-1.5
0.449166,0.159792,-0.235441,-0.12374,0.298801,-0.39839,0.179816,0.274829,0.250369,0.196378,0.284014,-0.255656,-0.385373,-0.064238,-0.040513,0.710295,-1.4
0.437125,0.16236,1.293383,1.129936,-0.499765,-0.284255,1.117714,1.657024,0.983144,0.949663,0.003295,-0.008811,0.626231,0.610264,0.715722,1.797933,-1.2
1.104109,0.159781,0.398065,0.885675,0.595166,-0.075289,0.942377,1.329677,1.142138,0.859923,1.251603,-0.122655,0.626231,0.610264,0.715722,0.710295,-1.2
0.226953,0.140874,0.215042,-0.230222,-0.858354,1.356107,0.444986,0.478246,0.192486,0.355649,1.897725,-0.205193,0.626231,0.610264,0.715722,0.710295,-1.1
1.288843,0.227321,0.907913,1.485659,0.437677,-0.399838,1.131411,1.379953,1.035012,0.874164,1.035545,-0.297527,0.626231,0.610264,0.715722,0.710295,-1
0.267355,0.0923,0.414879,-0.371572,1.149129,-1.202163,0.424208,0.176416,0.236921,0.375418,-1.244718,0.338634,0.626231,0.610264,0.715722,0.710295,-0.6
-0.136668,2.068005,-0.277212,-0.87057,-2.28302,3.171654,0.201815,-0.163143,-0.482921,0.055155,0.623044,-0.970688,0.626231,0.610264,0.715722,0.710295,-0.4
-0.235335,0.211005,0.198185,0.667476,-1.529277,-1.058589,0.564409,1.085286,0.660399,0.642156,0.371469,-1.273142,0.626231,-0.064238,0.337605,1.331802,-0.2
1.259339,0.15103,0.906525,1.727673,-1.045578,1.464692,0.641616,0.579442,0.779562,0.613118,0.197167,-0.494839,0.626231,0.610264,0.715722,0.088787,-0.12
-0.483809,0.151271,0.901534,-0.68027,0.360364,-0.227187,-0.022997,-0.174252,-0.184634,-0.055037,-0.11875,-0.361291,0.42391,-1.075992,0.526664,-0.06659,0
1.267313,-3.684443,1.206431,1.303611,-1.299322,0.320927,1.410568,1.441781,1.305227,1.390471,0.268713,0.210012,0.626231,0.610264,0.715722,0.710295,0
0.587118,0.159764,0.598483,0.980793,0.34825,-0.119447,1.20612,1.146117,0.845557,0.880269,0.184904,-0.554936,1.030873,1.284767,1.09384,1.642556,0.3
0.905526,0.160087,1.777489,2.128199,0.672478,-0.243717,2.291814,1.621395,1.528159,2.408689,0.046754,0.207439,0.626231,1.959269,0.715722,0.710295,0.5
0.974396,-3.865947,1.54025,0.206756,-2.72619,-0.561992,0.933512,0.622531,1.076796,1.024918,-1.803824,-0.24783,0.626231,0.610264,0.715722,0.710295,0.7
