AASA10P1,AASA1Hnc,AASA2Hnc,AASA8Hnc,AASA5Ns,AASA3ac,AASA6ac,AASA7ac,AASA8GhN,AASA10DCph,AASA10DGc,AASA3TDS,stability
-0.449334,0.189434,0.024824,0.108901,-0.156593,-0.0217,0.1766,0.085662,0.161023,-0.369708,-0.100384,-0.11885,0
-1.347938,-3.633688,0.360994,-5.970947,-0.073156,2.301394,2.662751,1.484331,2.853473,-2.700924,0.711705,-0.033504,-6.7
-1.348635,-1.666668,0.561996,-0.435201,-1.97568,1.151197,0.492723,1.320421,0.791478,-1.561946,1.38216,-0.117435,-4.96
-0.735841,0.144932,-0.06342,0.158465,-2.508413,0.675433,0.732959,1.863332,0.085213,0.095189,-0.159486,0.736475,-4.78
0.61778,0.819878,-0.207693,0.58031,1.052004,-0.116604,0.107412,0.016072,0.153971,0.115184,1.512575,2.918514,-3.07
-2.030697,-0.797026,0.310314,-0.180272,-1.718868,1.542163,0.598097,1.732007,0.207591,-1.649048,0.530044,-0.080648,-2.77
-0.704908,-0.057181,0.096197,0.036608,-1.108939,0.657346,0.359619,0.800522,0.286398,-0.504279,2.407471,0.502275,-2.46
-0.173829,1.736888,-0.5459,1.265995,-0.740748,1.370223,1.191356,1.106313,0.149524,-0.437474,-0.372635,-0.095304,-2.31
-1.271962,-0.771066,0.302801,-0.172662,-1.355051,0.081186,0.20433,0.193974,0.221919,-0.844852,0.959566,0.176857,-2.27
0.311586,-1.775141,1.672757,1.197106,1.619731,-0.931635,-0.430606,-0.557952,-0.616619,0.53157,-1.168303,-0.114952,-2.2
-1.072397,-0.136745,1.5777,-0.877872,-0.888998,-0.953603,-0.875055,-1.715941,0.529076,-1.058819,1.721068,1.824584,-2.15
0.774803,0.274392,0.015911,-0.010252,-0.275789,1.815744,1.045622,1.10214,0.011745,-0.20607,-0.190616,-0.454679,-1.89
0.742337,0.006538,0.130896,0.00727,-0.281642,0.590781,1.437357,1.15246,-0.00034,0.124765,-0.144946,-0.874466,-1.46
0.113991,-0.514506,0.698692,0.166576,-0.330433,-0.33043,-0.041836,-0.196011,-0.411796,1.074108,-0.136594,-0.219812,-1.06
0.852624,-0.002902,-0.049158,0.128527,-0.28973,1.749692,0.527811,0.961242,0.090886,-0.209627,-0.196567,0.838719,-0.98
0.974292,-0.57519,0.105047,1.181286,-1.370221,0.672943,0.505133,0.46994,2.619728,-0.386703,1.26902,0.446135,-0.96
0.308637,-0.12208,-0.485924,0.264502,1.025746,-0.241385,-0.061439,-0.035844,0.088754,0.183368,-0.159421,-0.554627,-0.57
-0.449334,-0.225917,0.145031,-0.012856,-0.3064,-0.227471,0.12114,-0.130963,0.161023,-0.541147,-0.065745,-0.123094,-0.45
-0.548686,0.834207,0.514754,0.171983,0.217248,-0.926216,-0.357574,-0.220681,-0.239171,1.00754,0.017934,0.139563,-0.45
-0.613233,-1.033358,2.411057,-0.179771,-0.078158,-0.183095,-0.052708,-0.170605,0.182265,-0.707193,0.408071,-2.152408,-0.45
0.684568,0.182354,-0.205146,0.174086,-0.292923,0.770923,1.014103,0.81028,0.145622,0.107397,-0.22037,-1.350981,-0.38
-0.373782,0.7243,0.310314,0.065145,0.694881,-0.479596,-0.067205,-0.543285,-0.318801,-0.094526,0.100147,1.143315,-0.38
-1.300809,0.368032,-0.124988,0.009974,-0.449164,-0.724106,-0.29212,-0.411163,0.457057,-0.717051,0.737983,-0.103259,-0.27
-0.519952,0.363902,0.095115,0.896518,-0.806403,0.74749,0.756241,0.427106,1.209276,-1.193477,0.059517,-1.440385,-0.24
-0.426288,1.237253,-0.531384,-0.244355,-0.454582,1.722158,0.839321,0.975417,-0.695063,-1.192944,-0.229919,0.169462,-0.15
-0.196269,1.335696,-0.397935,0.966008,0.367132,0.642627,0.660915,0.572791,0.196287,-0.209137,-1.595196,0.234332,-0.15
0.058109,-0.253057,-0.309435,-0.153938,0.323285,-0.90703,-1.294136,-1.147072,0.177693,-0.270528,0.486401,-0.099736,-0.08
1.059087,1.994797,-0.641021,1.458844,1.94838,-0.211508,0.038225,-0.053518,0.19782,0.155724,-1.954773,0.022423,-0.08
-0.088584,0.562728,0.693726,0.165625,-1.162557,0.205308,0.432486,0.204713,-1.726841,-0.177839,0.119742,-1.51983,-0.04
3.390134,0.250119,0.139428,0.382254,1.387319,-0.011741,0.187528,0.098365,0.148604,2.686127,-0.458756,0.36765,-0.04
-0.42218,-0.199958,0.137518,-0.005246,-0.038887,-0.124586,0.14887,-0.02265,0.17177,-0.802914,0.045099,-0.106116,0
-0.1031,-0.225243,-0.288425,-0.137417,-0.01263,-0.135936,-0.013172,-0.073401,0.373567,-0.326501,0.405718,-0.118102,0
1.262261,0.203594,0.051565,0.172684,-0.272915,0.794942,1.072638,1.1273,0.153204,0.660671,-0.170411,0.498351,0.02
-0.240495,-0.235357,-0.296065,-0.143424,-0.070215,-1.164061,-1.721124,-1.504963,0.127683,-0.253834,0.171004,-0.097493,0.04
-0.681881,1.945238,-0.235707,-0.40326,-0.02186,-0.524998,-0.245391,-0.2934,0.263692,-0.561548,1.715915,0.470588,0.19
0.288932,-0.417411,-0.433589,-0.251564,-0.223776,-1.48773,-2.258813,-1.955639,-0.426599,1.098355,-0.848535,-0.104007,0.19
-0.086814,-0.643966,1.034735,-0.386138,-1.204605,0.410347,0.4852,0.440361,-3.708022,-0.196144,-1.542208,2.765121,0.23
-0.62162,1.548766,1.672057,1.311654,-0.282764,1.507306,0.980497,1.580554,0.171505,-0.390382,-0.296771,-0.919715,0.24
0.026967,-0.677848,-0.630325,-0.406264,0.563224,-1.678124,-2.5751,-2.220743,1.719681,0.998193,1.630632,-0.076671,0.27
0.073151,-0.2185,-0.644013,0.312664,0.120895,0.388378,0.62094,0.312473,0.237544,0.25051,-0.017014,0.353928,0.28
1.849698,-0.115,-0.550102,-1.262419,-0.643031,-0.250758,-0.074727,-0.206505,0.465518,0.929849,1.782099,-2.573129,0.38
-1.966169,0.083236,-0.055398,0.04582,1.004712,-1.459171,-2.211369,-1.915874,-1.039226,-0.158582,-1.721378,-0.112763,0.45
-0.538502,-0.690238,-5.440419,-0.061719,-0.034979,0.229766,0.366098,0.361076,-1.850306,-0.013803,-0.130016,2.371736,0.68
1.03819,0.262761,0.080216,0.152458,1.446201,-1.087904,-1.594609,-1.398921,-1.018389,3.197833,0.141665,-0.165834,0.72
-0.482309,0.118635,-0.028657,0.066847,0.899139,-0.678558,-0.914591,-0.828947,-1.110074,0.758589,-1.84607,-0.121839,0.76
1.176332,-2.333186,-0.384182,-0.241952,1.78465,0.020187,0.196698,0.10039,-1.858627,1.870934,-1.815639,-0.111855,0.76
-0.85419,-0.083646,-0.181462,-0.053308,0.400066,-1.278297,-1.910896,-1.664025,-0.151542,-0.034852,0.288361,-0.118636,0.87
0.336042,0.375702,-0.043874,0.248181,0.125413,0.442274,0.514852,0.425879,0.171296,-0.171578,-0.963368,-0.071759,0.99
1.255932,0.542247,-0.098183,-0.010853,1.619083,-1.451189,-0.495016,-0.819006,0.079485,0.469433,-0.609832,-0.472031,1.2
1.227144,0.772342,-0.178405,-0.088954,1.494672,-1.362949,-0.453558,-0.763162,0.055023,0.899058,-0.762666,-0.648622,1.4
1.227144,0.526907,-0.092835,-0.005647,1.336332,-1.539429,-0.536474,-0.874849,0.055023,0.729036,-0.726277,-0.707486,1.8
