"Y","D0","D1","D2","D3","D4","D5","D6","D7","D8","D9","D10","D11","D12","D13","D14","D15","D16","D17","D18","D19","D20","D21","D22","D23","D24","D25","D26","D27","D28","D29","D30","D31","D32","D33","D34","D35","D36","D37","D38","D39","D40","D41","D42","D43","D44","D45","D46","D47"
-17.1,908.3908995,1.457453,164.2863712,139.1318189,38.7785943,4.467451,16797.172494,215.1199155,87.4344281,313.7348238,0.0257872,1.4598793,0.2971051,3.0902799,0.9769347,1.0854332,0.9946097,0.9972003,1079.3782111,0.9381272,0.0930245,14.6680467,38.4843607,0.9924816,0.8922478,1.0743854,7840.8294301,3.4176149,17.1577295,181.802613,21766.125581,2447.1302523,9554.5648803,4.998096,14.2461309,3.1193304,24.9166097,7.815879,330.8542945,5.3213621,26.4103828,8.3071928,-0.0040492,-0.1138628,-0.0627589,14.8339639,2.219725,3.3225082
-16,905.1305045,1.4137873,163.9962636,139.0688722,38.81876,4.4802311,16625.165672,211.9986947,85.9500574,306.234329,0.0266102,1.4634549,0.2957408,3.091256,0.9701131,1.0768499,1.0106046,1.0099984,1063.7984756,0.9448234,0.0925838,14.512609,38.447296,0.9863562,0.8868279,1.0652753,7742.8083913,3.4064215,17.1469936,181.6972835,21537.202609,2444.3861995,9414.7503278,4.9786314,14.2104988,3.1180865,24.615597,7.6904693,323.7803088,5.2078359,25.4756928,7.960316,-0.0085938,-0.1507424,-0.0780018,14.4038534,2.1737967,3.2653141
-15.8,908.6131682,1.4540624,164.2337508,139.4386836,38.7930899,4.4762362,16829.330373,214.780304,86.9992048,314.3172373,0.0268492,1.4581101,0.2966067,3.086325,0.9715755,1.0867428,1.0036168,1.0028908,1079.4937716,0.9426817,0.0921652,14.508097,38.4942562,0.9868604,0.8882406,1.0667739,7843.9099285,3.4098942,17.1814381,181.7970656,21797.208428,2460.7320997,9551.25253,5.1977998,14.8085328,3.2045222,25.3784127,7.8544776,329.0878022,5.4755997,26.6381846,8.2770474,-0.0068687,-0.1295338,-0.0678005,14.9047377,2.2196881,3.3225082
-15.6,906.9722917,1.427746,164.1738132,139.5305984,38.7929729,4.4445301,16710.657774,214.2553808,86.2727362,309.1521746,0.0286686,1.4595388,0.2964385,3.0876143,0.9706093,1.0870093,0.9971458,1.0015579,1072.7081299,0.9414254,0.092165,14.5430695,38.4252824,0.9759723,0.8963286,1.0600703,7783.9936255,3.3958478,17.1899494,181.7933563,21676.812006,2460.398771,9475.2946335,5.0055318,14.2761132,3.156948,24.8725561,7.7665601,325.8866236,5.2207009,25.7720672,8.0742977,-0.0089601,-0.1483477,-0.0761573,14.5979339,2.1724618,3.2898097
-15.5,904.5190895,1.4279421,164.1391068,139.0758507,38.8212594,4.4803436,16653.786818,213.5578122,86.3829757,309.9225688,0.0262503,1.4641547,0.2954082,3.0912356,0.9804509,1.0776931,0.9955973,0.9972003,1067.441445,0.941926,0.0925381,14.534172,38.4368669,0.9971683,0.8982054,1.0755079,7765.8815317,3.4208588,17.1229769,181.7876114,21606.021462,2447.201877,9451.2454854,4.97588,14.1883787,3.1122554,24.681835,7.7240419,325.7523296,5.1995564,25.6129683,8.0342845,-0.0088201,-0.1468216,-0.0752902,14.4746272,2.17376,3.2709668
-15.2,906.9732346,1.416138,163.9760644,139.3412994,38.7933631,4.4734676,16710.386424,214.3614483,86.3357194,309.07962,0.0267948,1.4616884,0.2956296,3.0881296,0.9732971,1.0827592,1.0005353,1.0030112,1071.1142962,0.941926,0.091977,14.4833919,38.4168694,0.9884196,0.8955729,1.0660298,7785.9880066,3.4073841,17.132662,181.5719677,21660.210548,2460.6673085,9460.7108752,5.036974,14.4193874,3.1646761,24.8577116,7.7521792,326.1405226,5.2548407,25.7566073,8.0524504,-0.0093015,-0.1492765,-0.076081,14.5944062,2.1967425,3.2967375
-15,906.3826981,1.4133173,163.9061224,139.4524653,38.7947462,4.4765216,16682.948136,213.1527868,86.0951522,307.8611584,0.0273271,1.4624833,0.2951633,3.0877336,0.9725504,1.0768499,1.0084417,1.0071554,1067.1277808,0.9443952,0.0920606,14.4810239,38.3953926,0.9880707,0.8895119,1.0711447,7764.6644426,3.4074136,17.1158823,181.7065223,21617.529611,2459.4213435,9439.9342473,5.1188123,14.6306116,3.1891707,24.9866517,7.7397507,324.0409262,5.33261,25.8787723,8.038643,-0.0096246,-0.1503675,-0.0762092,14.5290746,2.1737967,3.2939111
-11.3,904.5896372,1.4269792,164.1279093,139.0768938,38.8212447,4.4818723,16663.071682,213.4077075,86.3369446,309.9865902,0.0231297,1.4644212,0.2954331,3.0911775,0.9814752,1.0777342,0.9949474,0.9970653,1068.493441,0.9418054,0.0923805,14.5075457,38.4307892,0.9992371,0.8985836,1.0772403,7770.5057719,3.4215326,17.1227425,181.7846558,21615.029878,2446.7921254,9454.7224026,4.9595885,14.1574975,3.1104492,24.7196965,7.735653,325.0445282,5.1797363,25.6453143,8.0431204,-0.0089857,-0.1474844,-0.0751004,14.5286868,2.1814275,3.2805507
-10.6,904.5825211,1.4206718,164.1324657,139.0730828,38.821073,4.4821792,16656.544815,213.5056705,86.3064334,309.9106012,0.0254772,1.4642859,0.2953598,3.0911946,0.9811456,1.0780847,0.9951961,0.9971207,1067.1637087,0.9418538,0.0924334,14.5154947,38.4326209,0.9986424,0.8964897,1.0765365,7764.4007838,3.4214807,17.1233003,181.7867385,21602.245929,2447.1658739,9446.7365953,4.9636138,14.1663919,3.1108213,24.7036318,7.7224676,324.0777075,5.1857987,25.6311875,8.0330382,-0.0088692,-0.1470984,-0.0753004,14.4951015,2.1800452,3.2664516
-10.4,903.2178162,1.4337344,164.4487736,138.8972127,38.8520575,4.4565228,16565.345103,214.1599206,86.5970377,306.671027,0.025492,1.4670205,0.2962088,3.0975964,0.9863632,1.0797787,0.9853607,0.9912177,1064.3522648,0.9384289,0.0936983,14.7505131,38.5012197,1.0071385,0.8978297,1.0791968,7747.6996765,3.4238611,17.1601704,182.0501021,21557.602612,2431.8005471,9447.415267,4.7681012,13.7412739,3.0460237,24.2123949,7.6947156,327.7346653,4.9417018,24.8084505,7.882322,-0.0110866,-0.1719508,-0.0875348,14.2732632,2.1634273,3.2765728
-9.7,903.8473088,1.4218206,164.2987093,138.8972127,38.8494847,4.4565228,16539.828402,212.5955871,86.0603378,302.9661642,0.0255467,1.4663374,0.2965067,3.0975964,0.9746789,1.0786848,0.9986904,1.0029115,1061.1720569,0.9411616,0.0936983,14.7231631,38.5104887,0.9926304,0.8862651,1.0683013,7726.9220181,3.40872,17.1823266,181.9539203,21495.683811,2429.0350302,9411.7097714,4.7697779,13.7526673,3.0498457,24.156849,7.6634443,325.6060511,4.9477979,24.6874986,7.8096586,-0.0108341,-0.1773418,-0.0917934,14.2188301,2.1634273,3.2765728
-9.6,905.6403409,1.4312459,164.0803599,139.0681331,38.8237968,4.4528715,16656.899555,211.2903785,85.9879947,307.7118743,0.0252007,1.4625781,0.2958316,3.0904347,0.9689755,1.0739084,1.0047003,1.0075403,1066.7321328,0.9439325,0.092761,14.4795827,38.4279575,0.9783518,0.8875508,1.0571497,7762.9686264,3.4097317,17.1520651,181.8271458,21594.953836,2444.4599042,9445.2131408,4.9568691,14.1428016,3.1140596,24.7022916,7.7220539,323.3445703,5.17985,25.5748434,7.9955412,-0.008991,-0.1491357,-0.0771053,14.4935626,2.1730397,3.2947091
-9.3,906.9696641,1.4133173,163.9823956,139.4501686,38.7930899,4.4733826,16709.913283,214.3506092,86.3853419,309.0550206,0.027186,1.4616734,0.2956686,3.0882033,0.9732817,1.0828955,1.0006221,1.0030489,1070.9327009,0.9419677,0.0920606,14.4886946,38.4184607,0.9885749,0.8957273,1.0660246,7785.0609068,3.4074136,17.1347712,181.5790229,21657.69311,2461.9657526,9460.2957143,5.0385229,14.4330959,3.1668109,24.8582733,7.7515781,326.1031127,5.2561061,25.7570547,8.0514833,-0.0092881,-0.1492964,-0.0760789,14.591685,2.1967425,3.2939111
-7.5,906.5773359,1.4772914,164.6958379,139.0918418,38.8255594,4.4522664,16758.892887,217.1206602,87.8649233,314.9444978,0.026009,1.461387,0.2970815,3.09243,0.9887009,1.0896927,0.9804975,0.9856314,1079.5465779,0.9364758,0.0932117,14.7508032,38.5487323,1.0096831,0.8972204,1.0818499,7846.3407976,3.4281018,17.1945598,182.1533318,21810.358928,2446.3015416,9587.1388046,4.9378365,14.1035811,3.1047462,24.8662677,7.8555567,334.3096311,5.1539857,25.8375281,8.2061528,-0.0091099,-0.144138,-0.0723331,14.7093098,2.1967425,3.3225082
-7.4,906.5846713,1.475795,164.6934911,139.0918418,38.8256726,4.4522664,16759.303465,217.0937528,87.8465964,314.7766772,0.0256217,1.4613726,0.2970885,3.09243,0.988642,1.0896726,0.9804197,0.9854819,1079.6610665,0.9364276,0.0932117,14.7493155,38.549021,1.0090689,0.8974052,1.0815357,7846.6906446,3.4278698,17.1951725,182.1520426,21811.363235,2446.5735121,9586.2056198,4.9376021,14.1010542,3.1037453,24.8706677,7.856349,334.2123734,5.153418,25.8356779,8.1984451,-0.0089601,-0.1491964,-0.076986,14.7121732,2.1967425,3.3225082
-7.4,906.9518196,1.4397465,164.2390363,139.3045205,38.7999269,4.4786245,16766.986035,214.451787,86.950051,311.7704745,0.0262342,1.4625104,0.2965885,3.0926688,0.9808147,1.080789,0.9946097,0.9953154,1078.0008921,0.9393933,0.0926879,14.603879,38.4651965,0.9936273,0.8883682,1.0786256,7821.0177357,3.4248513,17.1355106,181.7894867,21782.135993,2453.0034727,9553.8983034,4.9784433,14.1981293,3.1135418,24.8388967,7.79673,329.3364394,5.2274233,25.9864298,8.1897493,-0.0076163,-0.1343903,-0.0697546,14.6542955,2.17376,3.3482789
-7.2,904.4783201,1.4258541,164.1436098,139.0688722,38.8212442,4.4802311,16652.130822,213.5387519,86.4299866,309.9081452,0.026458,1.4641028,0.2954522,3.091256,0.9804721,1.0779491,0.9956311,0.9972047,1067.1277808,0.9419677,0.0925838,14.5383287,38.4382335,0.9970463,0.8984113,1.0755152,7764.4631201,3.4208087,17.1253267,181.7915221,21601.886984,2447.4703316,9450.7847658,4.9764614,14.1916877,3.1124133,24.6802002,7.7231922,325.7121867,5.2000944,25.6115227,8.0330788,-0.0088254,-0.1467792,-0.0752315,14.466464,2.1737967,3.2653141
-6.9,908.7815393,1.4802912,164.389112,139.1395224,38.7793855,4.4396117,16817.330827,215.0558543,87.8050564,315.0521239,0.0257475,1.4588433,0.2973239,3.0894766,0.9773798,1.0839682,0.9937402,0.9974537,1082.1187024,0.9377518,0.093339,14.6883751,38.4715931,0.9892385,0.8935049,1.0688221,7861.3853827,3.4214676,17.1656621,181.936464,21822.232609,2447.2073542,9590.6873735,4.9701675,14.1915287,3.1153332,24.9379735,7.8493063,333.0986253,5.2468778,26.2499513,8.3097962,-0.0093105,-0.1601928,-0.0829209,14.8546193,2.2161284,3.3460279
-6.3,904.7956477,1.4731612,164.7029844,138.7736799,38.8525238,4.4594359,16678.063128,214.625808,87.2780482,311.964425,0.0240454,1.4632145,0.2971868,3.0955446,0.9841615,1.0837849,0.9878106,0.9908328,1072.56229,0.9391119,0.0937581,14.7665438,38.578431,1.003902,0.8903392,1.0801586,7804.202333,3.4263461,17.2080787,182.2697676,21691.009338,2429.6919815,9537.8691608,4.8830546,13.9297007,3.0598061,24.6477473,7.7931689,331.0718827,5.1093129,25.5933289,8.1094483,-0.0087586,-0.1477412,-0.0759178,14.542917,2.175864,3.2974039
-6.3,904.9904277,1.4444438,164.2349782,139.0681331,38.8264859,4.4528715,16682.275126,213.1317869,86.6036333,311.2201314,0.0253017,1.4632602,0.2955179,3.0904347,0.9817304,1.0751397,0.994316,0.997415,1070.0334498,0.9413267,0.092761,14.5135244,38.418121,0.9961728,0.8977826,1.0702146,7785.0414798,3.4250622,17.1292625,181.9227141,21659.894966,2447.2513028,9483.4414841,4.9556377,14.1360996,3.1102911,24.7532586,7.7558477,326.0789556,5.1757085,25.6773802,8.0672915,-0.0089621,-0.1482384,-0.0758445,14.5471403,2.1730397,3.2947091
-6.2,904.8185778,1.4741958,164.7040653,138.8322361,38.8518856,4.4593264,16679.990917,214.6178558,87.2794835,311.9374195,0.0255491,1.4632777,0.2971809,3.0956206,0.9836062,1.0837074,0.9875709,0.9905563,1072.806674,0.9391119,0.0938342,14.7688979,38.578937,1.0029052,0.8902146,1.0805737,7805.0098365,3.4259696,17.2077635,182.2735141,21693.043743,2430.9675641,9537.9393301,4.8918665,13.9389632,3.0712656,24.6645926,7.7943731,331.0570825,5.1158085,25.5992177,8.1087406,-0.0085621,-0.1457398,-0.0750452,14.5535337,2.1812756,3.3015064
-6,905.1759542,1.448624,164.2568286,139.0665994,38.8263819,4.4528144,16681.828152,213.558455,86.7843105,311.230101,0.0281275,1.4629986,0.2956699,3.0906228,0.9807021,1.0762333,0.994759,0.997531,1070.029748,0.9413592,0.0928649,14.5630765,38.4302956,0.9951273,0.897101,1.0702033,7786.9949844,3.4240952,17.1347219,181.9283615,21662.879949,2447.4014306,9488.0493781,4.9668858,14.1730185,3.1115743,24.7405843,7.760367,328.0593171,5.1880176,25.6721453,8.0809287,-0.0089304,-0.1495422,-0.0771016,14.537729,2.1683946,3.2927619
-5.9,906.8881743,1.4307314,163.9857695,139.3726965,38.7978023,4.4489376,16711.275779,212.6702982,86.1741182,309.2653914,0.0247259,1.4615544,0.2952044,3.0866937,0.971977,1.0739084,1.0032004,1.00529,1070.0334498,0.9435418,0.0920849,14.4379001,38.3716197,0.9812099,0.8899216,1.0646381,7785.2466893,3.4107889,17.1193229,181.8365153,21675.599683,2458.0679717,9471.9303472,5.0364135,14.2924827,3.1612732,24.9950242,7.7729481,323.7134488,5.2466029,25.8791248,8.0727784,-0.0088616,-0.1490508,-0.0762894,14.6007178,2.1730397,3.3225082
-5.8,906.5755609,1.4751538,164.6938765,139.0918418,38.8256513,4.4522664,16758.424077,217.0783925,87.8049828,314.7144646,0.0256245,1.4613823,0.2970931,3.09243,0.9887556,1.0896471,0.9807808,0.9854657,1079.4598635,0.9364067,0.0932117,14.7487639,38.5488678,1.0094715,0.8975822,1.0820918,7845.8501336,3.4279194,17.1950855,182.1515321,21809.57867,2446.5341494,9584.9266575,4.9377032,14.1041267,3.103776,24.8671713,7.8543063,334.0582248,5.1538995,25.8290835,8.195957,-0.0088732,-0.1490537,-0.0761396,14.7070873,2.1967425,3.3225082
-5.7,905.3151463,1.4765532,164.7811817,138.8295343,38.8490937,4.4559254,16702.77843,215.8341043,87.6264552,313.1337022,0.0266208,1.4623434,0.2976997,3.0960239,0.9841138,1.0896907,0.9801321,0.986574,1076.1644665,0.9367362,0.0937904,14.7799149,38.6023642,1.0023234,0.8969388,1.0738146,7823.7270772,3.4255107,17.2273317,182.1414621,21729.042874,2432.4589066,9558.0570457,4.8233336,13.7650565,3.0492335,24.5346753,7.8034448,333.4426887,5.0480487,25.4686513,8.1199843,-0.0079375,-0.1426756,-0.0743051,14.5939665,2.1967425,3.2975755
-5.6,906.9519009,1.487632,164.9963649,138.7985962,38.8490385,4.4588384,16729.36206,216.5012239,87.7671025,311.8575905,0.0229559,1.4607016,0.2988957,3.0974612,0.979382,1.0952497,0.9853257,0.9896257,1078.4158269,0.9367058,0.0941225,14.9172123,38.7086968,1.0017594,0.8789823,1.0798883,7840.7388744,3.4139271,17.2921982,182.4018941,21771.963664,2425.894031,9595.1402156,4.856778,13.8840082,3.0568449,24.7175729,7.8524387,334.7842906,5.0812321,25.6466274,8.1628171,-0.0087936,-0.148077,-0.0760518,14.6542955,2.1967425,3.3225082
-5.6,907.3301153,1.4310743,163.9930458,139.6845549,38.7736007,4.4431879,16760.21438,213.4318683,85.9593604,310.9608042,0.0242942,1.4595077,0.2946554,3.0819547,0.9704761,1.076063,1.0047003,1.0056653,1073.8063831,0.9423692,0.0917244,14.4194406,38.3278019,0.9783518,0.8914188,1.065594,7807.5504033,3.4179256,17.1128915,181.7671813,21725.472772,2466.3025972,9487.8469806,5.0297642,14.3050489,3.1761247,24.9780352,7.7733552,323.0605924,5.242705,25.7353068,7.9887882,-0.0088879,-0.1513183,-0.0792261,14.7078733,2.2204448,3.3503073
-5.5,905.585598,1.4526185,164.3177193,139.071443,38.8255946,4.4526928,16693.569889,213.985567,86.9012667,311.2016594,0.0275961,1.4625154,0.2960546,3.0910104,0.9796479,1.0787253,0.9942937,0.9973104,1071.5186971,0.9409009,0.0929381,14.599155,38.4568389,0.9946271,0.8947257,1.070145,7795.6963818,3.4214611,17.1521199,181.9562586,21681.237283,2446.6012543,9501.5533585,4.9605305,14.1602861,3.1108495,24.7578208,7.7753072,329.0121446,5.1809572,25.6845469,8.0922592,-0.0089541,-0.149393,-0.0768665,14.5682912,2.1744958,3.2988621
-5.4,906.9479244,1.438391,164.2424183,139.3973382,38.7997144,4.4785191,16767.695748,214.4418717,86.9657215,311.7783587,0.0264365,1.4624833,0.2966067,3.0926648,0.9808377,1.080972,0.9946328,0.9953091,1078.0669265,0.9393975,0.0927235,14.6064627,38.4662449,0.9936174,0.8883815,1.0786371,7820.9466048,3.4247775,17.137549,181.7933698,21783.256897,2453.7156992,9553.9316703,4.9790655,14.2018771,3.1137479,24.8392237,7.7965226,329.3215305,5.2283281,25.9899055,8.1905883,-0.0076681,-0.1340329,-0.0693,14.6542955,2.1737967,3.3511053
-5,906.7119729,1.4426976,164.4336356,139.096639,38.8179774,4.4797706,16706.613118,215.4530386,86.9027949,309.8162509,0.0258764,1.4616884,0.297179,3.0931468,0.976086,1.0899363,0.9929638,0.9959439,1073.4098282,0.9395342,0.0929124,14.692975,38.5676832,0.9953977,0.8869828,1.0752583,7803.1221132,3.4088813,17.2090035,181.9207482,21687.920877,2443.5490203,9510.837446,4.9472551,14.1313767,3.1090393,24.7562759,7.7857877,329.5233473,5.1680938,25.6721649,8.0930063,-0.0089076,-0.1479185,-0.0758377,14.5944062,2.1967425,3.2967375
-4.7,905.3435499,1.475287,164.7836467,138.8866006,38.8502112,4.4561869,16702.401993,215.8382341,87.6235741,313.3887885,0.0247922,1.462378,0.2976988,3.0960758,0.9852594,1.0896702,0.9812011,0.9874896,1076.1644665,0.9368161,0.0937966,14.7787265,38.6023091,1.0053903,0.896658,1.0745897,7823.7248754,3.4266194,17.2272589,182.1425347,21728.858545,2432.5996934,9558.3295893,4.8177944,13.815093,3.0507143,24.5258951,7.8031573,333.4176777,5.0425811,25.4621447,8.1199483,-0.007868,-0.1428453,-0.074436,14.5929852,2.1967425,3.2974505
-4.6,906.7044423,1.4415254,164.4348347,139.0987326,38.8179321,4.4796606,16706.061121,215.4533662,86.9210768,309.8005441,0.0259586,1.4616734,0.2971838,3.0931344,0.9760846,1.0899029,0.9929692,0.995941,1073.3107761,0.9395404,0.0929325,14.6935478,38.5675803,0.9953317,0.8869691,1.0752656,7802.613694,3.408902,17.2092159,181.922717,21686.230335,2443.5380633,9510.6635533,4.9473837,14.1321197,3.1090757,24.7555708,7.7854837,329.5097542,5.1682177,25.6714996,8.0925729,-0.0089095,-0.147904,-0.0758183,14.591685,2.1967425,3.2939111
-4.2,909.029562,1.4480511,164.2962099,139.4586796,38.795862,4.4485647,16760.999928,215.0006561,86.8679669,309.2942293,0.024246,1.459021,0.2971086,3.088806,0.9670583,1.0873814,1.0029618,1.005005,1076.1644665,0.9414599,0.092606,14.6490047,38.5140463,0.9816284,0.8778836,1.0646876,7824.1197104,3.3985904,17.2079231,181.9699395,21759.547841,2454.8786382,9536.4404031,5.0235982,14.4009108,3.1630387,25.040464,7.8352146,329.583239,5.2293486,25.8932373,8.130114,-0.0084083,-0.144949,-0.0749616,14.7031158,2.1967425,3.3475874
-4.1,905.1503533,1.4419412,164.2369277,139.0636648,38.8265288,4.4528412,16683.53928,213.3442248,86.6655678,311.2257003,0.0250587,1.4632283,0.2955621,3.090463,0.9817377,1.0761914,0.9945004,0.9974561,1070.1499607,0.9414208,0.0927809,14.5259328,38.4221774,0.995763,0.9001306,1.0701961,7786.5429398,3.4248904,17.1303334,181.9209498,21662.415602,2447.2801679,9486.4855137,4.9565443,14.1528882,3.110345,24.7540478,7.7593564,326.6676623,5.1766892,25.6800631,8.0747826,-0.0089584,-0.1488938,-0.0764148,14.5525345,2.1773075,3.2982389
-4,907.0077306,1.4647851,164.5969241,138.892635,38.8079996,4.4434427,16702.654152,215.7647176,87.7227689,310.5959568,0.0255646,1.4624947,0.2979218,3.0964796,0.9817781,1.0872339,0.9838569,0.9908978,1076.1644665,0.9346353,0.094144,14.8948855,38.5493768,0.999498,0.8916701,1.0771741,7821.2575693,3.4200864,17.1947418,182.0651341,21714.552153,2431.1620725,9550.3587438,4.7487035,13.5916106,3.0267762,24.3539853,7.7800697,333.4082369,5.0148243,25.513302,8.157496,-0.0071502,-0.1426753,-0.0752997,14.5926233,2.1967425,3.3225082
-3.9,904.6947811,1.4190018,164.1311029,139.0656772,38.8209133,4.4810444,16652.061611,213.3300359,86.3652328,309.7516079,0.0295363,1.4640847,0.2952999,3.0912314,0.9811394,1.0773901,0.9950413,0.9970995,1066.1941824,0.9418464,0.0925465,14.5094749,38.43283,0.9982348,0.8979113,1.077082,7760.4332799,3.4211686,17.1221747,181.7849882,21594.778481,2447.607949,9445.2091286,4.971063,14.1850652,3.112373,24.684745,7.7147375,324.3879524,5.1923838,25.6312181,8.0489581,-0.008954,-0.1508767,-0.0781035,14.4660068,2.1695528,3.260976
-3.8,904.7774435,1.4726835,164.7037413,138.8326305,38.8510855,4.4590859,16678.612342,214.6224014,87.2830719,311.8555631,0.0254969,1.4631876,0.297184,3.0955306,0.9837863,1.0834852,0.987758,0.990763,1072.6383099,0.9391119,0.0937698,14.7708595,38.5783028,1.0027623,0.8902986,1.0793862,7804.2967153,3.4258884,17.2079668,182.270022,21691.55233,2430.167165,9537.8302639,4.8833216,13.8979275,3.0570091,24.6463072,7.7925523,331.052027,5.1104659,25.5966369,8.1099066,-0.0089255,-0.1489948,-0.0764178,14.5441815,2.1744233,3.2974051
-3.6,906.949963,1.486557,164.9984889,138.8529301,38.8477697,4.4585176,16729.398676,216.505851,87.8273855,311.7624588,0.0254038,1.4607016,0.298914,3.0974387,0.9792358,1.0956747,0.9852449,0.9895409,1078.3683143,0.9367123,0.0941419,14.9350243,38.7077316,1.0008503,0.8791161,1.0791367,7840.6584447,3.4138763,17.2930807,182.4023055,21771.685999,2426.4981208,9595.3462042,4.8571699,13.8443947,3.0538762,24.7167424,7.8531749,334.9573189,5.0830412,25.648572,8.1617938,-0.0089303,-0.1487705,-0.0762056,14.6542955,2.1967425,3.3225082
-3.6,908.907238,1.4787252,164.387778,139.1319637,38.7798751,4.4392537,16820.028229,215.0186619,87.8778616,314.9045355,0.0257116,1.4588253,0.297322,3.089437,0.9773788,1.0836041,0.9936237,0.997415,1082.2954831,0.9378091,0.0933468,14.6862097,38.469093,0.9886074,0.8924171,1.0687807,7863.3032754,3.4216261,17.164928,181.9377052,21825.431177,2447.181518,9593.5789037,4.9684437,14.1576021,3.1151677,24.9407902,7.8515286,333.351132,5.2417304,26.2872749,8.3399428,-0.0095388,-0.1405873,-0.0697339,14.868606,2.2204448,3.3503073
-3.5,906.1088787,1.4548352,164.3897683,139.0814586,38.8245569,4.4525639,16707.872536,214.4598692,86.9784758,311.1669488,0.0255307,1.4619484,0.2964741,3.0914536,0.978559,1.0817133,0.9936737,0.9970033,1073.2883146,0.9403096,0.0930049,14.6291813,38.4888577,0.9942623,0.8927244,1.0700446,7805.9328219,3.4182907,17.1726521,181.9889888,21704.509499,2445.4176634,9517.2453448,4.9508675,14.138776,3.1094646,24.7803548,7.7916444,329.6311344,5.1712788,25.6979102,8.1003546,-0.0089303,-0.1483213,-0.0760556,14.60231,2.1847684,3.3098539
-3.4,908.4088173,1.4571966,164.2892222,139.1492658,38.7781847,4.4673902,16798.513059,215.1168351,87.4233281,313.766421,0.0258392,1.4598918,0.2971116,3.0903166,0.9769376,1.0855063,0.9946328,0.9972047,1079.4937716,0.9381124,0.0930372,14.669182,38.4851936,0.9925081,0.892337,1.0743915,7841.2424082,3.4175838,17.1592159,181.8063045,21766.768723,2447.3932282,9554.6014555,4.9990294,14.2520397,3.1197551,24.9179072,7.815841,330.8500719,5.3235026,26.4194455,8.3095765,-0.0042389,-0.112985,-0.0618039,14.8421271,2.2196881,3.3225082
-3.1,905.1075671,1.4439096,164.2403397,139.0634229,38.8263004,4.4528533,16684.580833,213.2945319,86.6688342,311.2180826,0.0244588,1.463276,0.2956714,3.0904752,0.9818235,1.0765751,0.9945338,0.997456,1070.5374803,0.9414256,0.0927919,14.5339292,38.4240283,0.995888,0.9007416,1.0702015,7787.6292842,3.4251741,17.1334199,181.9232122,21664.316643,2447.2781283,9488.5876128,4.954733,14.1500733,3.1102388,24.758608,7.7630027,326.897902,5.1739496,25.6844509,8.0782898,-0.009007,-0.1491947,-0.0764597,14.5591535,2.1770946,3.2987319
-3,906.7444256,1.4376785,164.4315033,139.099691,38.8169388,4.4804572,16706.038048,215.4569501,86.895895,309.6300775,0.0271736,1.4616681,0.297167,3.0931493,0.9760454,1.0899755,0.992876,0.9960043,1073.0159557,0.9395219,0.092916,14.6895705,38.5679875,0.9959744,0.8870021,1.0767626,7801.1692272,3.4087538,17.2089309,181.9194272,21683.323746,2443.5324462,9508.5590998,4.946191,14.1306328,3.1090664,24.7575309,7.7824593,329.0613463,5.1664385,25.6805658,8.0982807,-0.0089524,-0.1493126,-0.0767756,14.5915328,2.1967425,3.2917421
-2.9,906.9543419,1.4899596,164.9993984,138.8525666,38.8484755,4.4587379,16729.49058,216.5120254,87.7843241,311.833991,0.025492,1.4607016,0.2989361,3.0975839,0.9791655,1.0953597,0.9849584,0.9892897,1078.2630868,0.9367425,0.0942493,14.926928,38.7125138,1.0009642,0.8793903,1.0802925,7840.0507453,3.4138853,17.2946832,182.4079535,21770.923344,2427.5156492,9594.7686146,4.8697183,13.8955561,3.0690073,24.7272883,7.8509999,334.9132652,5.0914245,25.6500894,8.1643971,-0.0086329,-0.14697,-0.0757834,14.6542955,2.1967425,3.3225082
-2.8,907.4591401,1.4297699,164.0741366,139.4263094,38.7974012,4.4458111,16736.486657,214.1962405,86.6174931,310.4196486,0.0227492,1.4607016,0.2958875,3.0872987,0.9728177,1.0815216,0.9984039,1.0022714,1074.0002412,0.9414256,0.0921624,14.4749526,38.4034695,0.9831737,0.8976768,1.0585853,7807.2276118,3.4107747,17.1428915,181.7085227,21717.418664,2460.4965863,9497.8602275,4.9880188,14.2927148,3.1455161,24.8864546,7.7890572,327.3669165,5.2008243,25.7771551,8.093036,-0.0087019,-0.1476244,-0.0759566,14.6542955,2.1967425,3.3225082
-2.6,906.603532,1.477561,164.6943903,139.0918418,38.8258826,4.4522664,16760.554415,217.2304177,87.7857951,315.4558496,0.0249981,1.4613414,0.2970827,3.09243,0.9886499,1.0897325,0.9809539,0.985798,1079.9628116,0.936432,0.0932117,14.7499741,38.5489467,1.0079104,0.8987482,1.0831938,7847.8093516,3.4274726,17.1948013,182.1530175,21814.522779,2446.885147,9586.9035829,4.9373101,14.0978711,3.1024846,24.8764216,7.8576241,334.0668621,5.1524673,25.8374859,8.1907965,-0.0089357,-0.153776,-0.0820407,14.7198207,2.1967425,3.3225082
-2.5,904.2273446,1.4482667,164.9167355,131.6677779,38.4970787,4.4571217,16630.771948,214.4475902,88.1954741,309.4489528,0.0307679,1.4663694,0.2989449,3.1058639,0.9802139,1.0899711,0.9885525,0.9929827,1064.1229637,0.9368092,0.0948435,14.8389005,38.66528,1.0011359,0.8983168,1.0631713,7762.8680439,3.4163073,17.2856057,182.4856461,21554.090032,2395.7659324,9523.0567154,4.9009693,13.9866928,3.0735213,24.6343623,7.7738195,330.4071274,5.127301,25.6693752,8.1499013,-0.0089749,-0.1437578,-0.0719356,14.4451261,2.1967425,3.2192276
-2.3,906.7911059,1.4681346,164.639023,139.0918418,38.8245909,4.4522664,16750.314259,216.521346,87.5627385,313.5047427,0.0253084,1.4611184,0.2972047,3.09243,0.9834694,1.0893646,0.9841923,0.9891104,1078.376001,0.9373219,0.0932117,14.73747,38.5523257,1.0014213,0.8941882,1.078775,7838.2035907,3.421862,17.2029003,182.1175611,21787.393025,2445.6656933,9571.3091643,4.9378242,14.1030974,3.1042115,24.8532835,7.8415382,332.7033106,5.1542654,25.795612,8.1627161,-0.0089012,-0.1519198,-0.0796542,14.6932433,2.1967425,3.3225082
-2.2,906.2932607,1.4510662,164.6528386,132.0747884,39.0729056,4.4525683,16731.201298,215.6543092,87.6147411,311.4310832,0.0257012,1.46104,0.2976377,3.0934266,0.9715651,1.0936467,0.9938156,0.9986201,1077.1342899,0.9377676,0.0932564,14.691889,38.5664257,0.9933147,0.8747844,1.0749915,7829.3777668,3.4134337,17.2639243,182.3239152,21750.303065,2442.3811925,9553.2516804,4.9556712,14.1431095,3.1062035,24.8945551,7.8444142,331.8098385,5.1691215,25.6484726,8.0677041,-0.0089005,-0.1415565,-0.0702962,14.6542955,2.1967425,3.3225082
-2.2,905.3550999,1.4888496,165.0391739,134.7116928,38.888314,4.4574363,16702.871945,217.0559958,89.2666816,311.5437812,0.0267601,1.4634145,0.2995592,3.1030667,0.972244,1.102307,0.9903078,0.9943106,1077.1208149,0.9353682,0.0949503,14.8462883,38.7540986,0.9997698,0.8688132,1.0668584,7851.8737081,3.4150016,17.326927,182.5803571,21743.519127,2410.1059138,9617.4720008,4.8022851,14.5205993,3.027144,24.6518688,7.8984329,340.9080901,5.0123564,25.5505152,8.2204854,-0.0088112,-0.1473175,-0.0757621,14.5950243,2.1792291,3.2988058
-2.2,905.3784245,1.478809,164.7909934,138.8365015,38.85133,4.4561784,16702.943541,215.8383907,87.6694053,313.348469,0.0279553,1.4623978,0.2977261,3.09621,0.9856299,1.089696,0.981939,0.9879064,1076.1644665,0.936868,0.0939319,14.7914886,38.6048324,1.0065516,0.8952886,1.0747332,7823.718023,3.4268816,17.22766,182.1441643,21728.599419,2433.6714457,9559.173186,4.8510006,13.8498654,3.0644515,24.5549673,7.8022053,333.9109727,5.0714671,25.4848148,8.1196423,-0.0077799,-0.1426031,-0.0743951,14.5962864,2.1967425,3.2952284
-2.1,905.3898416,1.474273,164.7880428,138.9528684,38.8484283,4.4560818,16706.822157,215.8335717,87.6460097,312.9157868,0.0296278,1.462496,0.2976997,3.096251,0.9854098,1.0896677,0.9818657,0.9876157,1076.1644665,0.936858,0.0939499,14.7862522,38.6043613,1.0062165,0.8969139,1.0750095,7823.751992,3.4265333,17.2275246,182.1436513,21730.841792,2434.7967779,9557.318614,4.876202,13.9329982,3.0775714,24.6168739,7.8060055,333.4254421,5.1015154,25.54522,8.1209025,-0.0087734,-0.1447635,-0.0745778,14.6139106,2.1967425,3.3058262
-2.1,907.4540426,1.4262266,164.068836,139.4234619,38.7956872,4.4459451,16736.561053,214.2248619,86.6139297,310.3668679,0.024223,1.4607016,0.2957917,3.0872667,0.9728726,1.0812966,0.9983072,1.0022714,1073.8511951,0.9414208,0.092135,14.4643993,38.4013355,0.9836663,0.8972091,1.0587843,7806.7277931,3.4108103,17.1401522,181.7025952,21716.775453,2460.5061451,9496.0920188,4.9936961,14.3069371,3.1473522,24.8926685,7.7870724,327.160378,5.2083781,25.7834137,8.0906137,-0.0089199,-0.1479969,-0.0759768,14.6542955,2.1967425,3.3225082
-2.1,907.0132926,1.4650192,164.5981287,138.8559806,38.8063459,4.443118,16703.76961,215.7715775,87.7314195,310.5814917,0.0254571,1.4625684,0.2979492,3.0966612,0.9824391,1.087263,0.9848808,0.9913219,1076.1644665,0.9348046,0.0943256,14.9106116,38.5489215,1.0011101,0.8909545,1.0786446,7821.22837,3.4205762,17.194304,182.0652341,21714.036958,2431.6571535,9550.5181485,4.8104388,13.7353929,3.0473586,24.4294508,7.7801613,333.7924661,5.0637641,25.5523533,8.1565452,-0.0085727,-0.1493899,-0.077191,14.601094,2.1967425,3.3225082
-2,906.725004,1.4421568,164.4306528,139.0963261,38.8179333,4.4812682,16709.708074,215.4556164,86.884894,309.885969,0.0246448,1.4617644,0.2971818,3.0931817,0.9760257,1.0899309,0.9928612,0.9960247,1073.7420373,0.939516,0.0928423,14.6893047,38.5681412,0.9965159,0.8869578,1.0769138,7804.7796379,3.408604,17.2089823,181.91926,21691.604317,2443.5657451,9512.1497646,4.9436559,14.1244443,3.1086226,24.7726036,7.7899414,329.2836739,5.1635197,25.6870544,8.0961823,-0.0089629,-0.1481463,-0.0757746,14.6124258,2.1967425,3.3015295
-1.8,908.2485171,1.4430847,163.8992391,144.9921138,38.5624928,4.4431221,16759.709455,213.5905626,85.9091524,310.6512633,0.0251527,1.4590957,0.2946141,3.0808277,0.9756851,1.0733792,1.0076466,1.0054061,1073.4877129,0.9439152,0.0916277,14.508157,38.3275134,0.9822938,0.9091994,1.060923,7805.5934836,3.4167329,17.0683393,181.4941432,21723.011393,2464.5214105,9490.3211121,5.0169892,14.3758307,3.1551545,24.8923675,7.7651379,325.2869819,5.2434896,25.8105221,8.0506363,-0.0090004,-0.1499118,-0.077052,14.69633,2.2072561,3.339312
-1.6,905.4756962,1.444101,164.1167405,148.5515439,39.253153,4.436833,16836.341095,213.7637764,85.8448232,314.2341991,0.0230347,1.4550728,0.2959886,3.0799596,0.9751279,1.0766784,0.9976621,1.001915,1086.5400331,0.9424993,0.0913638,14.4438547,38.386822,0.9807056,0.8846808,1.0761097,7870.8190756,3.4205687,17.1210772,181.7821726,21885.278883,2490.0294839,9547.5343564,5.0891147,14.4767912,3.2607992,25.2884098,7.868629,326.7932917,5.2911858,25.8944389,8.0052486,-0.0087795,-0.154192,-0.0821182,14.868606,2.2915531,3.4337047
-1.6,906.9010414,1.4340641,164.0017118,139.2751464,38.8000434,4.4490216,16713.01388,213.1815269,86.3813429,309.2796207,0.0222718,1.4615938,0.2953474,3.0866288,0.9725968,1.0761217,1.0071722,1.0074213,1071.1933528,0.943778,0.0920471,14.5002858,38.3776941,0.9843989,0.8902584,1.0652692,7791.3039207,3.4108366,17.1203893,181.833017,21684.679465,2456.2018994,9481.9475339,5.0383357,14.379155,3.1439449,24.9725882,7.7828409,325.9914937,5.2580876,25.885243,8.073524,-0.0097824,-0.1539317,-0.0772404,14.6122613,2.1862286,3.3225082
-1.5,906.5765908,1.4745167,164.6914837,139.0918418,38.8254449,4.4522664,16758.114718,217.0160916,87.7296747,314.9924686,0.0256662,1.4613904,0.2970997,3.09243,0.9869708,1.0896413,0.9783596,0.9839252,1079.1643947,0.9363741,0.0932117,14.7446778,38.5489662,1.0053908,0.898888,1.0817805,7844.1075666,3.4270037,17.1946323,182.1529422,21805.499299,2446.3455796,9582.5808313,4.9374998,14.1014523,3.1043838,24.8668948,7.8506318,333.5226407,5.1526519,25.8469913,8.203267,-0.0092316,-0.1401863,-0.0687174,14.7054473,2.1967425,3.3225082
-1.5,906.7236897,1.438616,164.4318664,139.0974695,38.8174184,4.4815687,16707.532452,215.4539343,86.8730284,309.8032184,0.0255712,1.4617256,0.2971735,3.0931713,0.9760452,1.0898853,0.9929004,0.9959914,1073.3221219,0.9395231,0.0928656,14.6904003,38.5680031,0.9961946,0.8870956,1.0762413,7802.5913498,3.4086252,17.2090328,181.9203085,21686.377103,2443.55049,9509.1356227,4.9445451,14.126441,3.1087085,24.7656758,7.7852245,328.956292,5.1649186,25.6805516,8.0925586,-0.0089241,-0.1480136,-0.0758411,14.6012309,2.1967425,3.2944799
-1.5,904.7777562,1.4710567,164.6985593,138.7119799,38.8518265,4.4594335,16677.675643,214.6538751,87.2749212,311.8713947,0.0234205,1.4631729,0.2971972,3.0954633,0.9838637,1.0840017,0.9875112,0.9905608,1072.5915064,0.9391119,0.0936667,14.7626758,38.5775748,1.0028096,0.8905315,1.0791203,7804.4701173,3.4258675,17.2084906,182.2651075,21691.409846,2428.5900476,9538.3921971,4.8760269,13.8999506,3.0518283,24.6388868,7.7937402,331.1209022,5.1047063,25.5932725,8.1110379,-0.0090205,-0.1496588,-0.0766708,14.5398134,2.175177,3.2966516
-1.5,909.1108775,1.4752972,164.3295684,139.3617542,38.7960097,4.448635,16849.028882,214.6162804,87.333809,315.4305294,0.0250425,1.456949,0.2967729,3.0851972,0.9707764,1.0849892,0.9998542,1.001915,1082.2954831,0.9419783,0.0922201,14.4736279,38.4789296,0.9791925,0.8887986,1.0590618,7866.0223022,3.4134321,17.1883152,181.9283356,21855.991708,2459.2543162,9590.0260837,5.081234,14.3558734,3.1714698,25.304092,7.8914295,330.8568106,5.3231007,26.4523991,8.3078663,-0.009208,-0.1443341,-0.072463,14.9221839,2.2204448,3.3503073
-1.5,905.0794538,1.4462953,164.2437597,139.0763679,38.8261657,4.4528563,16686.330694,213.5572476,86.7268481,311.2193419,0.0244056,1.4633778,0.2956406,3.0904124,0.980961,1.0771665,0.9949993,0.997655,1071.1933528,0.941445,0.0927456,14.5590884,38.4226837,0.99542,0.8992982,1.0701762,7791.1308448,3.4246807,17.130221,181.9205911,21671.042144,2446.7893141,9491.9219433,4.9559636,14.1464567,3.1095691,24.7605765,7.7693223,327.6608353,5.1779353,25.6756098,8.0681141,-0.0088536,-0.14601,-0.0744184,14.5702269,2.1862286,3.3057047
-1.5,907.0510289,1.4632795,164.5858989,138.8936314,38.81007,4.4451925,16709.714368,215.6932604,87.5331853,310.6923292,0.0216989,1.4621394,0.2978152,3.0956665,0.9806976,1.0874449,0.9859521,0.9921435,1076.1644665,0.9355588,0.0939597,14.8572817,38.5509401,0.998161,0.8903699,1.0781607,7821.8883692,3.418632,17.1990594,182.063246,21720.893641,2433.3679498,9549.5814889,4.7996709,13.7001574,3.037322,24.4840499,7.792089,332.6208086,5.0600413,25.595892,8.1423665,-0.0101095,-0.1731653,-0.0890731,14.6119606,2.1967425,3.3225082
-1.4,909.0630423,1.4469626,164.2947853,139.2909853,38.7952948,4.4483649,16762.411458,215.0131981,86.8255885,309.0410165,0.0246503,1.458995,0.2970901,3.0886966,0.9673493,1.0873957,1.0035237,1.0053282,1076.1644665,0.9414056,0.092551,14.6509567,38.5134927,0.9805806,0.8794737,1.0652381,7824.1280246,3.3982958,17.2076321,181.9680338,21759.890984,2454.0241984,9535.6373941,5.0429814,14.3612146,3.1562648,25.0786291,7.8370652,329.3335464,5.2570785,25.9645247,8.1319456,-0.0097655,-0.1537868,-0.0778435,14.7098082,2.1967425,3.3468045
-1.4,907.3252467,1.4343699,164.0087787,139.4786861,38.7780025,4.4434168,16758.041756,213.8015584,86.2085904,310.9620072,0.0206713,1.4594527,0.2948342,3.0818367,0.9713101,1.0779502,1.0092274,1.0078864,1074.2524997,0.9425429,0.0916742,14.4859325,38.3352999,0.9822938,0.8919802,1.0661104,7810.1150865,3.4177586,17.1140276,181.7625769,21727.987171,2463.3676095,9495.7393098,5.0315551,14.397854,3.1539589,24.9576899,7.7831626,325.5307721,5.2536807,25.7358016,7.9907118,-0.0095379,-0.1760403,-0.0958648,14.69633,2.2072561,3.339312
-1.3,907.4514324,1.4581563,164.3386636,139.3289268,38.8031804,4.451056,16791.027575,214.211625,87.2908575,313.0060641,0.025316,1.4615544,0.2967729,3.0919313,0.9821805,1.0785254,0.9936237,0.9959149,1080.8806331,0.9389816,0.0929413,14.6034398,38.4485252,0.9904568,0.8889232,1.0741976,7842.6155869,3.4292914,17.1421255,181.9245879,21841.984798,2452.9038846,9592.8683397,4.9571152,14.13973,3.1111777,24.8787152,7.8315781,331.1876302,5.1908131,25.9630187,8.2226101,-0.0091075,-0.1453528,-0.0731451,14.7078733,2.1730397,3.3781065
-1.2,906.5670687,1.4747901,164.6911102,139.0918418,38.8254547,4.4522664,16760.110702,217.1195537,87.7965931,315.2598194,0.0254265,1.4613705,0.2971036,3.09243,0.9881335,1.0896698,0.9793871,0.985047,1079.5740775,0.9364157,0.0932117,14.7452247,38.5492984,1.0078407,0.8994769,1.0811635,7846.0602957,3.4276961,17.1954207,182.1519966,21810.359254,2446.6063015,9585.0707446,4.9371821,14.1012049,3.1036021,24.8755009,7.8545177,333.7345105,5.1515658,25.8598528,8.2067556,-0.0092311,-0.1421596,-0.0709978,14.7169718,2.1967425,3.3225082
-1.2,907.4535359,1.4279121,164.0699529,139.4234385,38.7957035,4.445792,16736.538959,214.2243773,86.6240234,310.3777081,0.0244532,1.4607016,0.2957967,3.0872614,0.9728739,1.0812604,0.9983134,1.0022585,1073.8743758,0.9414242,0.0921489,14.4662299,38.401184,0.9835608,0.8971866,1.058544,7806.9084684,3.410816,17.1402952,181.7035529,21717.055956,2460.4943736,9496.846174,4.9938963,14.3072588,3.147316,24.8919619,7.7876443,327.2740612,5.2085875,25.7829718,8.0911485,-0.0089222,-0.1480265,-0.0759847,14.6542955,2.1967425,3.3225082
-1.2,908.8390776,1.4768736,164.3921683,139.1180282,38.7837168,4.4395821,16813.075824,215.0934453,87.7518464,314.8754371,0.025926,1.458739,0.2973269,3.0894034,0.9772291,1.0843499,0.9940508,0.997655,1081.1355801,0.9377396,0.0933513,14.6933623,38.471999,0.9898475,0.8931283,1.0689144,7857.1375927,3.4213477,17.1654992,181.9358214,21814.786877,2446.7285877,9587.3561059,4.9690228,14.1784526,3.1128572,24.9250287,7.8449618,332.7928214,5.2525788,26.3093525,8.3369425,-0.0035255,-0.071408,-0.0356643,14.8224325,2.2072561,3.339312
-1.1,909.6045886,1.4598695,164.4661964,139.5303124,38.7956533,4.4471538,16870.383035,217.7381466,87.6787551,316.1899908,0.0275902,1.4566878,0.2964363,3.0832306,0.9838282,1.0935201,0.9840388,0.9872923,1087.3674745,0.9378988,0.0921847,14.6981021,38.4990114,0.9994813,0.8960229,1.0867972,7889.0632504,3.425583,17.1466246,181.9180094,21941.286592,2474.5081545,9616.8011682,5.0693911,14.4737458,3.1848929,25.1966505,7.8797556,331.1756983,5.2841699,26.0113039,8.1368895,-0.009765,-0.161588,-0.083451,14.9676769,2.255172,3.3997363
-1.1,905.1546058,1.4428776,164.2376468,139.0636669,38.8265266,4.452855,16683.84861,213.3433832,86.6748205,311.2241357,0.0251527,1.4632355,0.2955676,3.090461,0.9817357,1.0761298,0.9945025,0.9974537,1070.2102306,0.9414242,0.0927866,14.5273199,38.4220459,0.9957897,0.9001014,1.0702027,7786.9356334,3.4248453,17.1304942,181.9213153,21663.244647,2447.277656,9487.3820755,4.9566084,14.1529519,3.1103429,24.7545663,7.760407,326.7943912,5.176765,25.680373,8.0755566,-0.0089579,-0.1488698,-0.0763965,14.5541337,2.1773561,3.2989885
-1,906.277569,1.4516466,164.6512105,135.0251201,39.0491639,4.4525544,16731.235331,215.6476243,87.5667071,311.4482607,0.0253334,1.4610411,0.2976282,3.0934147,0.9720881,1.0936586,0.9940006,0.9988341,1077.0456791,0.9377452,0.093255,14.6945401,38.5662858,0.9933147,0.871521,1.0749091,7828.9256211,3.4133767,17.2642874,182.3242491,21749.98435,2442.4283307,9552.8388951,4.956798,14.1427255,3.1064272,24.8897629,7.8409723,331.7298739,5.1710039,25.639953,8.0636702,-0.0095941,-0.1683257,-0.0882591,14.6542955,2.1967425,3.3225082
-1,905.3458434,1.4727081,164.7813818,138.8314786,38.849416,4.4559497,16703.848279,215.8095682,87.6104045,312.9141744,0.0255597,1.4623554,0.2976907,3.0960099,0.9845707,1.0896744,0.9806236,0.9869043,1076.1644665,0.9367322,0.0937704,14.7791949,38.6014941,1.0033554,0.8965569,1.0741692,7823.7349871,3.4258871,17.2271731,182.1412593,21729.611921,2432.5112517,9557.47849,4.8152789,13.7302276,3.037124,24.5302074,7.8039688,333.2297602,5.0479735,25.4939123,8.1210713,-0.008861,-0.1490847,-0.0764459,14.5985336,2.1967425,3.2973943
-1,909.0345447,1.4738158,164.3356317,139.2680048,38.7984106,4.4487267,16839.759011,214.7658466,87.3142068,315.3973894,0.0234453,1.4567766,0.2968135,3.0851156,0.9715673,1.0855252,1.0025875,1.0032359,1081.1355801,0.9421312,0.0921867,14.5280666,38.4815163,0.982913,0.8889669,1.0603623,7859.4308457,3.4134003,17.1886325,181.9263026,21841.324368,2457.2342475,9584.2775843,5.0840421,14.4734808,3.1508203,25.2436189,7.876505,331.0325749,5.344575,26.4809337,8.3053156,-0.0065807,-0.1079407,-0.0529719,14.864467,2.2072561,3.339312
-1,907.0100651,1.4650965,164.5967229,138.8974882,38.8080902,4.4434604,16704.28435,215.7580247,87.7089665,310.6162772,0.0274248,1.4625442,0.2979176,3.0965445,0.9817495,1.0872876,0.983789,0.9907812,1076.1644665,0.9346092,0.0942265,14.8949561,38.5492607,0.9993081,0.8919527,1.0770025,7821.3976636,3.4200081,17.1947291,182.0651,21715.835717,2431.6606455,9550.2054221,4.7983816,13.7252685,3.0506931,24.4388862,7.7844044,333.3950809,5.0483065,25.540152,8.1568211,-0.0060864,-0.1289032,-0.0686241,14.6008587,2.1967425,3.3225082
-0.9,905.7032852,1.4345228,164.0935838,139.0763679,38.8237167,4.4528563,16662.982909,212.0580667,86.2316241,307.7380403,0.0240321,1.4626642,0.2959339,3.0904124,0.9700231,1.0761217,1.0092274,1.0102117,1068.5165993,0.9441896,0.0927456,14.5326967,38.4322007,0.9822938,0.8875321,1.0586797,7772.5143891,3.4098109,17.1527761,181.8234981,21614.649979,2444.3602596,9458.7970533,4.9572194,14.1564294,3.1121102,24.7158822,7.7426069,325.7311757,5.1826177,25.5690636,7.9973699,-0.0085848,-0.1547593,-0.0824136,14.5281927,2.1862286,3.3057047
-0.8,907.0115572,1.4646791,164.5970721,138.9395232,38.8074643,4.4428412,16703.864327,215.7628797,87.7078817,310.5619081,0.0252692,1.4625802,0.2979214,3.0966122,0.9823767,1.0872985,0.9844721,0.9912177,1076.1644665,0.9347395,0.0942254,14.8896621,38.5492489,1.0009793,0.8917654,1.0780009,7821.3692123,3.4204673,17.194825,182.0651896,21715.434846,2431.7314089,9550.2842601,4.7855403,13.7778271,3.0509697,24.4167761,7.7832549,333.3957763,5.0388824,25.527877,8.1584428,-0.0060816,-0.1259824,-0.0668927,14.5998623,2.1967425,3.3225082
-0.6,904.5733276,1.4615845,164.6517231,134.7028065,38.6939956,4.4679707,16627.050696,215.0075456,87.4440052,309.5779978,0.0286752,1.4639204,0.2970442,3.0959365,0.9819014,1.0879899,0.9880823,0.9910288,1069.9015879,0.9413356,0.0935263,14.7246129,38.5800603,1.0028049,0.9001468,1.0560154,7783.0127219,3.4157126,17.2260885,182.0613927,21632.41103,2428.455927,9502.9482142,4.8783872,13.9264543,3.0766152,24.5707709,7.7653658,330.2273436,5.0861111,25.4501555,8.0757792,-0.0087877,-0.1493877,-0.0750291,14.4655536,2.1728979,3.2874884
-0.6,908.9949934,1.4751287,164.3362322,139.4877025,38.7947862,4.448876,16859.543501,214.6988846,87.3141436,316.167845,0.0301812,1.4572071,0.2967991,3.0856207,0.9713166,1.0853415,1.0019599,1.0028066,1082.9429409,0.9421748,0.0924665,14.5168768,38.4839684,0.9835411,0.8889956,1.0597213,7868.0256357,3.4134111,17.1897147,181.928092,21861.53951,2461.9350238,9589.58478,5.1839605,14.8130408,3.2179361,25.4484143,7.893859,331.0006717,5.4432153,26.5416175,8.2662578,-0.0092164,-0.1821902,-0.099574,14.9849029,2.2281933,3.3553481
-0.5,906.5761436,1.4742016,164.6907333,139.0918418,38.8254522,4.4522664,16758.569294,217.0411577,87.7437567,314.8670122,0.0255349,1.4613772,0.2971063,3.09243,0.9870996,1.0896614,0.9785237,0.984128,1079.2684035,0.9363652,0.0932117,14.7452169,38.5491777,1.0052842,0.8992774,1.0817461,7844.5947542,3.4270104,17.1950714,182.1522468,21806.806592,2446.5148201,9582.5865175,4.9374465,14.1006395,3.1039977,24.8681404,7.8510743,333.496833,5.1526191,25.839694,8.194894,-0.0091343,-0.1448591,-0.0733381,14.7086737,2.1967425,3.3225082
-0.5,905.1968617,1.4510532,164.5017645,134.7028065,38.6915634,4.4679707,16604.571029,213.464073,86.9117754,306.6228801,0.0282576,1.463205,0.297329,3.0959365,0.9706228,1.0869116,1.0016993,1.0031477,1067.3227556,0.9441148,0.0935263,14.6972173,38.5895393,0.9884342,0.8885257,1.044746,7764.6416335,3.4008208,17.2482905,181.9656369,21576.874469,2425.9683609,9470.946163,4.8794569,13.9355169,3.0791378,24.5296554,7.7393692,328.2621009,5.0896962,25.3639849,8.0165401,-0.0088185,-0.151752,-0.0779967,14.427805,2.1728979,3.2874884
-0.5,906.6816425,1.4621034,165.0218385,131.8822509,38.4744281,4.4553009,16738.408074,215.545905,88.916888,311.2014006,0.0308163,1.4646518,0.3002459,3.1073848,0.9806623,1.0934964,0.9878811,0.9915118,1074.7750622,0.9345064,0.0950352,14.9341933,38.6963051,0.9953551,0.889428,1.0670809,7819.9249229,3.4205021,17.2988556,182.4875395,21733.2945,2400.9907416,9633.9607893,4.9023573,13.9897842,3.0743642,24.7575443,7.850126,335.6870904,5.1415946,25.9550947,8.3101024,-0.0090179,-0.1380077,-0.0673848,14.6020032,2.1967425,3.2966881
-0.4,909.8673946,1.4853449,164.745105,139.1073437,38.8211749,4.4528667,16810.162388,217.410046,88.2807897,312.2712027,0.026173,1.4593366,0.2986412,3.0941723,0.9734274,1.0951861,0.991465,0.9961321,1083.1404967,0.9368183,0.0937403,14.8340735,38.672812,0.9978932,0.8764797,1.0676335,7882.8441892,3.4144605,17.2566342,182.1091587,21863.390163,2442.2924602,9629.3423633,4.9134934,14.0739664,3.1053508,24.9047101,7.904212,337.7630432,5.1295674,25.7960949,8.2084015,-0.0090799,-0.1511793,-0.0778435,14.8208332,2.2302331,3.3711007
-0.4,907.2087982,1.4471242,164.3389656,139.096639,38.8196184,4.4809167,16733.026268,215.4210439,87.2926592,311.0465006,0.0258927,1.4628391,0.2965885,3.0929077,0.9779047,1.0843073,0.9944451,0.9968861,1074.3280409,0.9395342,0.092987,14.6348087,38.5468525,1.0005012,0.88629,1.0733879,7823.9655388,3.4228551,17.1611475,181.840116,21723.841673,2445.6977596,9529.7682256,4.941274,14.1186262,3.1080745,24.786543,7.8057183,330.6899801,5.1609022,25.6930579,8.1099046,-0.0089515,-0.1485974,-0.0762025,14.6542955,2.219725,3.3225082
-0.3,905.5452479,1.4459897,164.1289195,145.2658807,39.2147363,4.4372222,16828.085117,214.0717812,86.1164556,314.210251,0.0160031,1.4548138,0.2960802,3.0798189,0.9752991,1.0784726,0.9995839,1.0032359,1084.5771203,0.9426801,0.0913016,14.504916,38.3924024,0.9840274,0.8842318,1.0753638,7863.4764902,3.4203224,17.1221243,181.7778074,21866.756128,2484.0145711,9547.4584689,5.0920784,14.6534066,3.2110527,25.2298669,7.8584805,328.1649435,5.3084927,25.9011558,8.0069412,-0.0105401,-0.2040607,-0.114207,14.8224325,2.2387976,3.3897223
-0.2,908.8037605,1.4785147,164.3926033,139.1506857,38.7779176,4.4401179,16827.914193,215.0599642,87.7514418,315.5519346,0.0250226,1.4589544,0.2973251,3.0896123,0.9772764,1.0840944,0.9939525,0.997577,1082.9429409,0.9377197,0.0933134,14.691892,38.4747545,0.9900568,0.8932492,1.0688484,7865.1772042,3.4214427,17.1674472,181.9374792,21829.457294,2447.7825735,9593.1011886,4.98963,14.2386529,3.1203669,24.9784062,7.8525976,332.8941615,5.3024107,26.3563049,8.2909973,-0.0095576,-0.2125471,-0.1171235,14.9187814,2.2281933,3.3553481
-0.2,907.7113979,1.4667268,164.442349,139.0918418,38.8246931,4.453477,16758.401841,215.382397,87.7060556,312.30637,0.0256182,1.4618957,0.2967729,3.0921806,0.9785793,1.082373,0.9935084,0.9971651,1077.1076998,0.9391119,0.0933018,14.6433362,38.5361615,1.0015529,0.8870514,1.067506,7845.6937304,3.4271766,17.1684361,181.9751829,21781.712639,2445.7858188,9567.1459231,4.9356901,14.1101287,3.1074095,24.8368964,7.8409426,333.1169235,5.1547569,25.7386359,8.1428405,-0.0089461,-0.1486506,-0.0762894,14.7078733,2.2204448,3.3503073
-0.1,909.0997836,1.44901,164.2992791,139.5707173,38.7929809,4.4483948,16762.821964,215.0137394,86.8811041,309.1517399,0.0279322,1.4590381,0.2971056,3.0888199,0.9668662,1.0874531,1.0027501,1.0051172,1076.1644665,0.9414512,0.0926289,14.6522766,38.5141879,0.9803874,0.8799042,1.0643054,7824.134943,3.3979907,17.2082252,181.9716679,21760.658696,2456.0727676,9535.8550612,5.0363091,14.3398505,3.172181,25.0658754,7.8364716,329.4549261,5.2452627,25.9249344,8.1307666,-0.0090033,-0.1473701,-0.075574,14.7105313,2.1967425,3.355829
0,907.2087982,1.4615845,164.5405772,139.0918418,38.8229004,4.4522664,16733.026268,215.4210439,87.2335889,311.1173791,0.0256327,1.4607016,0.2974004,3.09243,0.9763284,1.0885289,0.9924699,0.996415,1076.1644665,0.9391119,0.0932117,14.7183648,38.5585176,0.9933147,0.8876754,1.0698958,7823.9286913,3.4123747,17.2175492,182.0557599,21744.573104,2443.6922699,9546.9659055,4.9391378,14.114876,3.1080745,24.8127198,7.8201778,331.4540425,5.1586547,25.7226562,8.125958,-0.0089515,-0.1484932,-0.0761114,14.6542955,2.1967425,3.3225082
0,906.2667731,1.4538479,164.6500286,133.3877935,39.0466407,4.4525502,16731.210707,215.6429517,87.5729903,311.404796,0.0267545,1.4610335,0.2976217,3.0933915,0.9720572,1.0937067,0.9939714,0.9988133,1077.0611156,0.9377254,0.0932496,14.6953089,38.566013,0.9933147,0.8714522,1.0743795,7829.0044512,3.4133693,17.262969,182.3188718,21750.034132,2442.3359626,9552.7123514,4.9605671,14.150283,3.105691,24.8995514,7.8421414,331.7253855,5.172402,25.6413008,8.0707977,-0.0089879,-0.1466099,-0.0740894,14.6542955,2.1967425,3.3225082
0,907.2087982,1.4462267,164.3412269,139.0987326,38.8195881,4.4808019,16733.026268,215.4210439,87.2893944,311.045645,0.0259803,1.4628073,0.2966067,3.0928996,0.9779126,1.084407,0.9944664,0.9968888,1074.2620062,0.9395404,0.0930023,14.6366944,38.5469835,1.0002733,0.8862628,1.0733924,7823.9664392,3.422793,17.1625492,181.843261,21723.223031,2445.8511622,9529.6854501,4.9413079,14.1187953,3.1080745,24.7862159,7.8055904,330.684601,5.1609317,25.6926679,8.1096934,-0.0089515,-0.1486001,-0.0762092,14.6542955,2.2196881,3.3225082
0.1,909.5699713,1.475118,164.6422484,139.4059603,38.8009318,4.4505578,16837.927488,216.40471,87.8185839,312.7830856,0.0256673,1.459021,0.2985669,3.0938796,0.9767563,1.0916845,0.9916524,0.9947787,1086.2690612,0.936626,0.0933733,14.8008324,38.5875953,0.9888503,0.8766402,1.0736161,7877.5215295,3.416459,17.2300065,182.0576257,21918.199094,2449.5380493,9647.02315,4.940683,14.1215163,3.1090306,24.9309005,7.88677,335.4943298,5.1737167,25.964172,8.2436053,-0.0097376,-0.161082,-0.0830867,14.8007556,2.1967425,3.3977457
0.2,905.5797682,1.4617584,164.6277472,138.4407045,38.8741749,4.4616501,16620.578494,213.4231914,87.2582906,307.015407,0.0213326,1.4636065,0.2986025,3.1006684,0.9749496,1.0863258,0.9924699,0.9984279,1068.3163662,0.9407277,0.094128,14.7723692,38.6575232,0.9933147,0.88364,1.0611658,7777.3202209,3.404302,17.2572692,182.1171854,21607.846867,2420.672891,9502.4182872,4.8162779,13.6798318,3.0147893,24.4565534,7.7661329,331.6848619,5.0467026,25.5182277,8.1325951,-0.008216,-0.1477786,-0.0781999,14.3929444,2.1386912,3.2616574
0.3,907.6807769,1.4666635,164.4454511,139.0918418,38.8247747,4.4533965,16760.701915,215.386364,87.6133477,312.5096234,0.0257434,1.4618135,0.2967991,3.0921955,0.9783601,1.0829857,0.9938045,0.9972865,1077.2073086,0.9391119,0.0932794,14.6565948,38.5375771,0.999016,0.8869419,1.0676515,7846.7295795,3.4268834,17.1707872,181.9750288,21783.561905,2446.1464519,9566.9391074,4.9331976,14.1011232,3.1069222,24.8439974,7.8416506,332.7163688,5.1519096,25.7405897,8.1389789,-0.0089461,-0.1472158,-0.074967,14.720417,2.2281933,3.3553481
0.3,907.3227241,1.4314487,164.0103373,139.9611307,38.7713576,4.4437908,16762.678745,213.6360458,86.2093907,310.9340384,0.03595,1.4595899,0.2947707,3.0825682,0.9710459,1.0773036,1.0081876,1.0071647,1073.5573609,0.9425924,0.0920939,14.4722651,38.3424085,0.9829593,0.8920758,1.065856,7806.7709223,3.4178156,17.1179017,181.7666293,21724.52172,2470.1974372,9488.4528632,5.0952813,14.6658033,3.2260027,25.0265904,7.7717586,325.0824051,5.3040971,25.7368535,8.0201637,-0.008886,-0.1256027,-0.0560824,14.720417,2.2281933,3.3553481
0.3,907.0108028,1.463224,164.5948143,138.8493884,38.8080952,4.4430328,16705.251587,215.7162605,87.6127993,310.7098833,0.0233047,1.4625532,0.2978711,3.0964492,0.9816813,1.0874065,0.9833325,0.9905014,1076.1644665,0.9343955,0.0940015,14.8564004,38.5497685,0.999173,0.8920004,1.0767562,7821.6052079,3.4199531,17.19599,182.0648292,21717.598195,2430.6150993,9549.7540577,4.7475437,13.6507359,3.0215443,24.3941198,7.7873919,332.7524616,5.0235161,25.5472793,8.1490654,-0.0107188,-0.1627284,-0.0819469,14.6054344,2.1967425,3.3225082
0.4,906.2820839,1.4529642,164.653397,131.6694125,39.0695681,4.4525594,16731.125383,215.657181,87.5462263,311.4750067,0.0331712,1.4610273,0.2976399,3.0934034,0.9719282,1.0941806,0.9938714,0.998657,1077.1644718,0.9377568,0.0932522,14.6927424,38.5665261,0.9933147,0.8743906,1.0760638,7829.338579,3.4133934,17.265361,182.3263473,21750.399244,2442.3174293,9553.2665751,4.9618521,14.1530332,3.1054529,24.9045005,7.8433322,331.7237625,5.1733325,25.6407213,8.0737462,-0.0090613,-0.1382142,-0.0658521,14.6542955,2.1967425,3.3225082
0.4,905.6894258,1.4503968,164.6070986,128.9560375,38.8642445,4.4516677,16731.183188,215.6104709,88.0063113,311.1933285,0.0258756,1.4600302,0.2976315,3.0919391,0.9704402,1.0994114,0.995392,0.9968047,1077.6542829,0.9391119,0.0932959,14.6852645,38.5891612,0.9860647,0.8785151,1.0756431,7834.4242549,3.4107807,17.2370473,182.2847106,21751.1262,2436.4887594,9565.1805301,4.944645,14.7417808,3.096672,24.8530709,7.8361785,331.6164104,5.1615347,25.642046,8.0729193,-0.0089471,-0.1463365,-0.0741605,14.6542955,2.1967425,3.3225082
0.6,906.8562098,1.4681374,164.6254339,139.0918418,38.8243669,4.4522664,16747.670367,216.3715882,87.5207902,313.2079997,0.0254656,1.4610556,0.2972257,3.09243,0.9824415,1.0892565,0.9857683,0.9903561,1078.0743785,0.9376105,0.0932117,14.7356299,38.5531081,1.0003332,0.8929891,1.0773386,7836.2050792,3.4203266,17.2046701,182.1086482,21781.180355,2445.3055991,9568.27893,4.9380783,14.1053362,3.1049214,24.8470169,7.8390865,332.6618919,5.1550675,25.7873089,8.1615621,-0.0089417,-0.1499696,-0.0777212,14.6871701,2.1967425,3.3225082
0.7,906.326368,1.449195,164.6551832,132.1709083,39.0739109,4.4525655,16731.230631,215.6720056,87.6099914,311.4725999,0.0237922,1.4610388,0.2976473,3.0934371,0.9711893,1.0940014,0.9936381,0.9983763,1077.1398538,0.9378022,0.0932584,14.6889806,38.5666357,0.9933147,0.8711301,1.0757174,7829.2842294,3.4134125,17.2656031,182.3294951,21750.245029,2442.4320888,9553.2765213,4.9533742,14.1386323,3.1065601,24.8880797,7.8434511,331.8067911,5.1681609,25.6496792,8.065723,-0.0092114,-0.1515766,-0.076638,14.6542955,2.1967425,3.3225082
0.7,908.2259934,1.441099,163.9011182,152.3505077,38.5239522,4.4435082,16764.655576,213.403486,85.9101868,310.5673567,0.0266311,1.4592721,0.294545,3.0816288,0.975651,1.072453,1.0067049,1.0048405,1072.5145188,0.9439847,0.0920601,14.4957965,38.3348699,0.9829593,0.9096773,1.0603199,7801.1546752,3.4167792,17.0739232,181.501906,21718.506305,2471.7517526,9482.2639839,5.0706716,14.6229262,3.2290758,24.9302219,7.7481807,324.8201613,5.288499,25.8175541,8.0670388,-0.0089461,-0.147314,-0.0751577,14.720417,2.2281933,3.3553481
0.8,904.9532181,1.4751581,164.7821101,138.4407045,38.8769217,4.4616501,16648.197246,215.1410901,87.78938,311.4447956,0.0208548,1.4642519,0.2982819,3.1006684,0.9866701,1.087585,0.9801963,0.9875574,1071.9788129,0.9380347,0.094128,14.8028468,38.6477997,1.0070653,0.8943142,1.0746727,7800.396509,3.4194059,17.2341486,182.2150818,21675.876507,2423.6146648,9542.3626516,4.8142025,13.6618609,3.0091256,24.5223851,7.8017338,333.9073919,5.0393258,25.6488584,8.2031134,-0.0084234,-0.1474849,-0.0794412,14.4582822,2.1386912,3.2616574
0.8,907.6912278,1.4661712,164.4451716,139.0918418,38.8245331,4.4534465,16756.374058,215.3895798,87.6136445,312.2972344,0.0255793,1.4619506,0.2968135,3.0921778,0.9782587,1.0833048,0.9938926,0.997345,1076.9292529,0.9391119,0.0933046,14.6600253,38.5368883,0.9993825,0.8869581,1.0677927,7842.2855334,3.4267317,17.1689693,181.9738971,21776.823526,2445.5140604,9564.4519069,4.935622,14.1078122,3.1076263,24.833921,7.8365931,332.6275401,5.1542479,25.7392609,8.1426039,-0.0090004,-0.15003,-0.0772404,14.69633,2.2072561,3.339312
1.1,907.3716719,1.4515276,164.5054514,132.7669759,38.4426272,4.4673791,16556.064397,213.3233412,87.3627757,305.3965239,0.0304972,1.468075,0.2972554,3.1025373,0.9711701,1.0859149,1.0018422,1.0032041,1058.1633273,0.9406439,0.0944011,14.7471739,38.5965847,0.9917275,0.8910552,1.0563003,7724.8935886,3.4022186,17.2476813,182.1003001,21475.167411,2398.4734572,9455.2535352,4.751439,13.3691786,2.9273604,24.1651215,7.6861039,328.8600066,4.9960916,25.3655941,8.117,-0.00849,-0.1394075,-0.0706736,14.2823432,2.0950862,3.2104057
1.3,906.9468334,1.4953158,165.005709,138.5989518,38.8520587,4.4587728,16729.148214,216.6293506,87.8157425,311.9262643,0.0213273,1.4607016,0.2989831,3.0974646,0.9797696,1.0954665,0.9865797,0.990398,1078.7727327,0.9367942,0.0941796,14.9572897,38.7141994,1.0033113,0.8802545,1.0821591,7842.9036207,3.4139972,17.2921853,182.3986187,21775.323195,2424.1383475,9601.7509688,4.8681978,13.9328048,3.0538983,24.7176909,7.8570335,335.9639774,5.0924096,25.6486036,8.1663518,-0.0088525,-0.1485803,-0.0761805,14.6542955,2.1967425,3.3225082
1.6,905.3773349,1.4735142,164.7890142,138.8975015,38.8477124,4.4561068,16706.973847,215.8186548,87.6207037,312.9412358,0.0304511,1.4625016,0.2976959,3.0962469,0.9858833,1.0896463,0.9820597,0.9879574,1076.1644665,0.9368606,0.0939624,14.7876675,38.6042019,1.0070788,0.8969608,1.0753452,7823.755038,3.4269242,17.2274211,182.1438038,21731.006291,2434.9968398,9557.2500991,4.8718989,13.9190172,3.0748616,24.6158794,7.8064436,333.2918674,5.0972404,25.5427575,8.1209887,-0.008711,-0.1444137,-0.0744683,14.6146965,2.1967425,3.3051671
1.6,904.7480458,1.4765761,164.7063138,138.5570722,38.8559467,4.4593642,16674.855448,214.5314803,87.2821017,312.0430106,0.0230799,1.4631545,0.2971741,3.0955467,0.9851558,1.0836319,0.9886285,0.9914678,1071.9912405,0.9391119,0.0937924,14.7762542,38.5791605,1.0058477,0.8899496,1.0824905,7801.6620538,3.4269783,17.2080804,182.2677427,21684.439594,2428.3109419,9536.6208535,4.8908312,13.9688396,3.0570299,24.6479519,7.789322,330.9365089,5.1164363,25.5966903,8.1078651,-0.0088304,-0.1486506,-0.076336,14.530037,2.1695938,3.2869684
1.8,906.7287493,1.4618526,164.6547365,132.7669759,38.4450089,4.4673791,16581.089306,214.8850502,87.9182791,308.4736831,0.0307233,1.4687453,0.2969654,3.1025373,0.9818644,1.0870766,0.9880142,0.9909836,1061.1635171,0.9378585,0.0944011,14.7745423,38.5874817,1.0037463,0.903105,1.0656687,7745.1622784,3.4165858,17.2255087,182.1949479,21535.42921,2401.2433693,9489.5182957,4.7496914,13.3542147,2.9227195,24.2214344,7.7170153,330.916738,4.9900445,25.4801516,8.183211,-0.0085536,-0.1377953,-0.0693061,14.3354796,2.0950862,3.2104057
1.9,906.5625011,1.4720801,164.688929,139.0918418,38.8253699,4.4522664,16759.50055,217.0235686,87.7806097,314.5828639,0.0254691,1.4613554,0.297113,3.09243,0.9870206,1.0896939,0.9785852,0.9842067,1079.4004171,0.936306,0.0932117,14.7436541,38.5495067,1.004945,0.89962,1.0797725,7845.3847588,3.4268578,17.1956913,182.1498203,21808.242278,2446.7003646,9582.6409456,4.9369962,14.0964638,3.1023273,24.8775898,7.8536546,333.5133484,5.1512328,25.8538812,8.1969547,-0.0090367,-0.1469954,-0.0750514,14.7150924,2.1967425,3.3225082
1.9,907.6912278,1.4811545,164.6483505,139.0882707,38.8277983,4.4239479,16756.374058,215.3895798,87.5560602,312.3652098,0.0264329,1.4596309,0.2976202,3.0916736,0.9765858,1.0872229,0.9919957,0.9968799,1078.4588266,0.9387003,0.0935842,14.7438305,38.5490005,0.9908382,0.8883929,1.0638672,7842.2530818,3.415964,17.2262242,182.1928323,21795.436624,2443.8137225,9580.337077,4.9343664,14.1057345,3.1076263,24.8522572,7.8485022,333.3960984,5.1528707,25.762784,8.1584172,-0.0090004,-0.1497936,-0.076958,14.69633,2.1967425,3.339312
2,905.7358992,1.4316182,164.0948937,139.05707,38.8238377,4.4528315,16649.999336,211.7143678,86.2324063,307.1297168,0.0289608,1.4624488,0.2958975,3.0905516,0.9696912,1.0753633,1.0081876,1.0093438,1065.736044,0.9442631,0.092873,14.5217792,38.4362234,0.9829593,0.8875286,1.0579258,7760.0673943,3.409784,17.1551999,181.8267085,21587.503931,2444.5921366,9446.2559578,4.9696876,14.195776,3.118446,24.6698577,7.7187081,325.2979784,5.1953316,25.5567718,8.0253719,-0.0089924,-0.1432863,-0.0697212,14.4559312,2.1652913,3.2896682
2.2,905.125582,1.4446543,164.2446292,139.05707,38.8266489,4.4528315,16677.674981,213.366766,86.7272436,311.2376968,0.0281843,1.4630842,0.2955968,3.0905516,0.9812046,1.0764721,0.9948424,0.997577,1069.3859919,0.9414787,0.092873,14.5497229,38.4270095,0.9952928,0.8995562,1.0701951,7783.1907464,3.4248107,17.133489,181.9224594,21655.678637,2447.8643795,9484.0925162,4.9675659,14.1763599,3.1119159,24.7357941,7.7536541,327.3737054,5.1881647,25.6718448,8.0807106,-0.0089623,-0.1505561,-0.0778281,14.5220528,2.1652913,3.2896682
2.2,907.4366501,1.4581986,164.3450401,139.4395571,38.8022832,4.4511364,16796.284887,214.3357649,87.2796201,313.3289276,0.0280732,1.4614958,0.2967991,3.0919605,0.981611,1.0795209,0.9939525,0.995834,1081.3786776,0.9389726,0.0930085,14.6237488,38.455489,0.9913367,0.8891423,1.0739358,7843.5049399,3.4289561,17.1457362,181.924337,21846.835161,2454.4906714,9592.397907,4.9701119,14.1868768,3.1134523,24.898099,7.8319668,331.2518036,5.2143022,25.9924054,8.2005023,-0.0091126,-0.1739378,-0.0951866,14.720417,2.1652913,3.3881881
2.7,907.4416952,1.4585267,164.3444655,139.2465796,38.8049413,4.4510865,16786.39264,214.4363968,87.2796561,312.9915527,0.0244589,1.4615938,0.2968135,3.0919256,0.981347,1.08004,0.9940508,0.9957949,1079.9884,0.9389748,0.0929319,14.6290036,38.4520998,0.9912096,0.8891104,1.0736813,7839.689398,3.4287827,17.1429443,181.9224948,21829.16135,2451.708149,9586.7404016,4.9574706,14.1518586,3.110167,24.8705932,7.8291903,331.266035,5.1950126,25.9724174,8.2212548,-0.0075094,-0.1178719,-0.0572989,14.69633,2.1862286,3.3561153
3.4,909.042128,1.4484569,164.2935676,139.4580232,38.7958273,4.4484333,16760.900903,214.9901984,86.857043,309.228745,0.0235423,1.4589916,0.2971059,3.0887515,0.9664724,1.087371,1.0022681,1.0044581,1076.1644665,0.9414025,0.0925667,14.6470554,38.5134631,0.9795046,0.8784912,1.0643274,7824.1210018,3.3980558,17.2078803,181.9693164,21759.535182,2454.4100792,9536.2040167,5.0238706,14.3989196,3.1620618,25.0457886,7.8357843,329.4509025,5.2289263,25.9027394,8.1305406,-0.0083215,-0.1460672,-0.0755265,14.7025103,2.1967425,3.3477004
3.6,907.6807769,1.4832551,164.6480348,139.0838175,38.8285234,4.4251443,16760.701915,215.386364,87.5558084,312.5898349,0.0239685,1.4597487,0.2976257,3.0917257,0.9765992,1.0871431,0.9920248,0.9968509,1079.2929932,0.9386942,0.0934825,14.7453279,38.5493036,0.9909876,0.8884089,1.063462,7846.6892713,3.416002,17.2258995,182.1909379,21806.064014,2443.8558819,9585.0837766,4.931076,14.0970782,3.1069222,24.8710481,7.8572288,333.5431039,5.1498017,25.7659955,8.1513488,-0.0089461,-0.1474124,-0.0752529,14.720417,2.1967425,3.3553481
3.7,905.5812856,1.4443157,164.1301256,152.9656968,39.2727285,4.4378577,16845.705679,213.9338855,86.1173281,314.7670068,0.0456573,1.4554598,0.2960478,3.0806896,0.9752449,1.0778578,0.9991425,1.0028066,1087.6357309,0.9427316,0.0918229,14.4923648,38.3976925,0.9845884,0.8841552,1.0757311,7873.0506988,3.4204062,17.1256954,181.7816492,21892.284963,2498.0115019,9547.5285309,5.1975381,15.1633363,3.3727407,25.4281263,7.870281,327.9159724,5.3879897,25.9154408,8.0328591,-0.0087739,-0.1023193,-0.037484,14.9187814,2.3225464,3.4538678
4,906.9499962,1.4828969,164.9839457,138.741728,38.8484236,4.4588363,16729.336227,216.4631001,87.7295764,311.7762936,0.0219014,1.4607016,0.2988226,3.0973303,0.979266,1.0949431,0.9848664,0.9892952,1078.3975667,0.936632,0.0939702,14.9012482,38.70224,1.0008879,0.8783553,1.0788776,7840.5106772,3.413874,17.2889521,182.3943568,21771.758861,2424.4931681,9592.3703331,4.8464574,13.846917,3.0483775,24.7124628,7.8517561,334.3571226,5.0740039,25.6465943,8.1592683,-0.0090081,-0.1491379,-0.0762836,14.6542955,2.1967425,3.3225082
4.6,907.7113979,1.4835244,164.6515387,139.0863705,38.8282786,4.4232149,16758.401841,215.382397,87.6344697,312.3748716,0.0258485,1.4596781,0.2976355,3.0916821,0.9766286,1.08699,0.9921236,0.9967898,1078.9941665,0.9387212,0.0935721,14.7511156,38.5486811,0.9899522,0.8882993,1.0630448,7845.6552536,3.4160752,17.2263194,182.1906799,21803.147456,2443.8318398,9585.4784743,4.9344588,14.1087325,3.1074095,24.8578059,7.8560072,334.2059933,5.1535387,25.761274,8.1588787,-0.0089461,-0.1486265,-0.0762451,14.7078733,2.1967425,3.3503073
4.8,907.3704332,1.4470847,164.5041991,133.0323788,38.4151791,4.468259,16554.598144,213.1834423,87.3809043,304.5410523,0.0384562,1.4683272,0.2972407,3.1030888,0.9706467,1.0858847,1.0009636,1.0026595,1056.8233333,0.9405694,0.0947271,14.7523046,38.5995115,0.9912497,0.890358,1.0541519,7718.2094613,3.4015286,17.249057,182.1015278,21460.531694,2403.1411059,9442.5304822,4.8134615,13.6230526,3.0005868,24.2375576,7.6735956,327.9282171,5.043259,25.3742974,8.115061,-0.0074848,-0.1133819,-0.0538514,14.292265,2.1162702,3.196471
5.5,906.7324005,1.4619711,164.6588072,133.0323788,38.4177324,4.468259,16579.830404,214.8493038,88.0143609,308.0783564,0.0390524,1.4690203,0.2969216,3.1030888,0.9824258,1.0870599,0.9884318,0.9914192,1060.0468554,0.9379196,0.0947271,14.7845474,38.5897087,1.0068853,0.8999226,1.0650005,7739.8461357,3.416872,17.225872,182.1987843,21524.067272,2405.6250974,9481.5487167,4.8122912,13.6131833,2.9978264,24.2875718,7.707391,330.7237358,5.0389661,25.4860625,8.1956033,-0.0076863,-0.1071511,-0.0482533,14.3439836,2.1162702,3.196471
7.8,904.798986,1.4632531,164.6147525,138.4156917,38.8486128,4.4570446,16600.607975,213.3664962,86.8306375,306.8669448,0.0280638,1.46465,0.2983913,3.1016081,0.96999,1.0835998,1.002154,1.0068406,1065.7245452,0.9403795,0.0943012,14.7396202,38.6186552,0.9888999,0.8796766,1.0563517,7762.1057242,3.4002138,17.2904938,182.1929045,21558.768254,2414.6960883,9480.8238211,4.807891,13.6762039,3.0200464,24.4374477,7.7636436,331.7085608,5.0323801,25.443235,8.1157412,-0.0081502,-0.1369462,-0.069941,14.3625649,2.131964,3.2473817
