id,stability,PC0,PC1,PC2,PC3,PC4,PC5,PC6,PC7,PC8,PC9,PC10,PC11,PC12,PC13,PC14,PC15,PC16,PC17,PC18,PC19,PC20,PC21,PC22,PC23,PC24,PC25,PC26,PC27,PC28,PC29
WT,0.0,-2.170826847118926,-2.818032103657192,3.455495987716752,1.0387503172443433,-0.3468292020246026,-1.087478757700804,-1.011312792937214,-0.2967312179672327,-0.9129060969425444,-0.9238702594209309,-0.8267735453834913,0.2269034119439456,-0.5304964913650113,0.26657182550141567,-0.178683420491172,0.19279539601699636,-0.009448795770140895,0.021594074208933913,-0.402109931839417,-0.04269016069559404,0.2518237810691457,0.06187336557931006,-0.06562992923238667,-0.31961048318261415,0.00046159572761785716,0.1367888519391019,-0.12976439091641637,-0.12575736334999932,0.2964781705348594,0.05051014235884014
A50L,-0.4,-11.413318760286057,-17.158247625723064,9.621480979225826,0.2527622814145401,-0.5961277427524283,-3.690574990065028,-3.4147204846925416,-0.7294901408701117,-1.7902891638570513,0.9905326164124405,1.2466062475585822,1.5351777309655676,-0.42474487531888194,-1.6775820574558955,0.04223677433878623,-3.420378537689454,2.353014308776879,-0.2049660170620802,0.05684054737548458,3.6744409097594732,-0.30403397102657614,-1.6842769438636418,-1.4529844773357825,0.21341091686444214,1.495818289526268,1.7063052076112268,-0.8245717754694519,-1.2739493664464172,0.164238958211232,-0.6831376895388517
A50S,-1.4,10.1183103282024,-5.456048988151644,12.98206131929101,0.7712862102630316,0.06251958771090793,-3.4874620990610343,-1.2354816111197502,-0.30261275394817894,-0.4212131057234123,-0.9536695233225245,-0.5597831863606276,0.4018451239443989,-0.08249808779798838,0.24615004890341408,-0.10736048057337,0.43573755213597937,-2.0003429830424775,-1.5365402332975375,-1.853792480919636,0.365723533474412,1.8760647344761587,0.392256622407529,0.7283923288844866,-0.25353135395912263,-0.3554367503240915,-0.7407039398308813,-0.5428747693507464,0.8613106208162857,0.1591753685983472,-0.9473287515505905
A110S,3.4,9.858489652328412,-5.255849860759834,13.310736031414987,0.716526634452509,0.6897006005234574,-3.405817339715767,-2.811166594141758,-0.3204806941000199,-0.9704881621481829,0.5230651478535495,-2.785839447453037,0.22931930427252886,0.14855374080340833,0.10459991857304066,-0.9660535725118646,1.7699229079837795,0.4356909262127298,-2.2870759003331207,-2.3862844145507904,-1.3412973618257922,1.6638556137907932,0.4715880874463645,-0.48271810597780407,-0.5463733756518155,0.654443304541123,0.5477367805980594,-2.3319373842298234,-0.07953824219922417,-0.4824621678964252,1.1671825197609074
A114M,0.1,-6.9791385949879725,-18.409110201911176,7.147324500520416,-1.2156488065040314,-1.7388258401120658,-2.768819984289697,-3.3876061227838172,-2.2548423644624824,1.532140790933955,2.367954657187298,2.1638284479550993,-0.08770067153912582,0.7636553741627974,0.02960616100858978,0.3517477356363437,-2.756086836844465,1.306483755675709,-1.7830392687102772,-2.4487013999209455,-0.11267099721331296,1.5513234166932557,4.00022792815892,0.2619893307200472,0.356788265022361,-0.7677371637853845,0.21940833585181096,1.1819479165021187,0.5154287858317765,-0.7181907371246837,0.9666265734949567
A114S,-4.2,9.632506812358,-5.241826312780426,13.189016601072513,0.6764379595025002,0.07131023903342448,-2.6737446462374583,-1.945495216940921,0.32507804385968786,-0.9328281726179802,-1.4279535030691652,-0.021997171970737625,-0.9201620457807552,0.18905110915182474,0.2664102713042353,-1.0593111946548734,0.18577637108548326,-1.7362593635619743,-1.245844270763375,-1.8245074217244615,0.6023701330005259,-0.05774396067100254,1.6877793090760618,-1.1072639332062986,-0.479854840975652,-0.8329678055760882,-0.9956397237553658,-0.1228426345810501,-0.5412532095499145,0.2318246074900174,-3.0472509382691095
A27S,-0.1,9.999824241491815,-5.689116369366252,13.279846436822108,0.1249461744454019,0.22204403937009012,-3.4295724622116075,-2.7052853849433243,1.407225295962569,0.19803285044638902,-1.2367921147672793,-0.5915443578073897,-1.2479797489886806,-0.6569184484069545,0.002915085536139116,-1.5249701920614085,-0.981042593569211,-1.2297564354211366,0.04224931818937521,-2.7498093868875184,-1.527362028948905,0.9672769695112842,0.676926204057916,0.8043961795304719,-2.634207604145346,-0.6756597213128758,0.2370961109837996,-0.603334040708354,0.33456356306325385,1.1186664861079536,-2.1148805569397076
D120N,0.7,-5.1077599614946445,-4.70188797872094,8.029782218013137,9.57328214505698,3.887854996414128,1.6655424980492175,-1.8394446005072993,3.983545503493892,5.425505337705814,0.5099986227650731,-0.013258773513162207,-2.9172332019007583,3.1951233551267677,-0.3787311920144172,2.9858730156202435,1.9807937202839079,-0.1818918340143594,3.631041261575641,-2.0085651764990025,-0.47845949272383664,1.1309213027082086,-2.621916009102825,-3.0164738261004755,0.2119987370506766,-0.32271942415895627,-1.0126658542282487,1.4551371468407772,-0.22645267187825632,0.07567014108538149,-0.7463947097514196
D138N,0.4,-5.3940242625474335,-4.481762314040717,7.7849313964790126,8.454100179350098,3.3976942153736975,2.425977541560281,0.19372711007871343,-0.060825356237867646,4.139450619356905,-0.7669152065812167,-1.254520762749863,-0.8100153309466187,7.708325797017356,3.490958464149291,2.919992837418271,0.8278914497178511,0.5807332475517392,-1.9269391708765584,0.40891871635810917,-0.9829887409122747,-4.742225250270068,-2.4121566159400016,0.12431100025733284,-0.4909352204503398,0.17945896624254842,-1.203322616812689,1.8072295674471446,-1.6882830727356863,-0.4894818211776604,-0.8241896288631629
D36N,-2.2,-4.876198918403583,-4.639313289623694,6.990322854977284,9.369695682548292,2.4599681239658846,-0.30483037214401515,0.4696908757775838,2.0590094320886405,4.397004632232528,-0.48281709967760983,-0.3452997389640954,-3.0525821037417513,0.5122998749240701,-1.0467332424727378,0.6724830339012424,1.2586537719046462,-1.679295654299707,1.7886039695883627,1.872106524889165,0.7184173200270151,2.2382322373103056,-0.8545761620751147,-3.126819381410973,1.0038075527132513,-1.857698563017712,0.7704196371355422,-2.058593422769023,0.7581250451135665,0.46491374378949285,1.4128255306784914
D67N,0.0,-4.943293135081561,-4.501561562549928,7.695463318466761,8.71948582835417,2.3915266790884138,1.0838294506000337,-0.09520415644985038,0.47959570267916785,4.708695257950174,-0.40091850759940256,-0.8584059293510213,-0.9902646180857737,2.7809300432380004,1.1696304584699897,-0.033160579494340425,-1.0396879618127555,-1.6639300296844328,0.9066071393617571,-0.6573946541343293,-0.40343647114196624,-0.31234559104533705,-1.5237266433116048,-3.7880716600217927,1.674954666058794,0.08349463043579683,-0.9238367215290763,0.28957812905548685,0.8613778719946953,-0.5983671005937905,0.5094196710818651
D85N,-1.0,-4.830378359617522,-4.458839519754085,7.580354568478896,9.8374308584877,3.1372118896791172,0.591858305488957,-0.6247828087202494,2.797743973616265,5.15154930826662,-0.01729113294979358,0.846740575816087,0.09331756597036682,1.734435235046948,-0.2734186557638247,2.7586853777773648,3.2038842936362872,0.3410184478111853,0.44078043474170403,0.7205002395393649,1.2637919628810628,0.20654123400176638,-0.513780729167182,0.254970161271601,-0.21886904811582472,0.696008911565363,-0.8254664128494721,1.5237453230857243,-1.2341964686452724,0.7498316711503469,-0.06645791135029676
E53L,-2.2,-25.83323756097293,-5.061890380072298,13.508420869672097,5.36613423802473,2.6195044551008166,3.0237102450421145,4.030532407396854,0.9021793243458868,1.7711577200052397,0.8100354137538426,-1.5828359779018477,3.073092311398596,3.3658466936994937,-4.419986752664881,-1.1891073696538368,-2.878503758091347,3.172275584170745,0.7943242802282917,5.6398046211792545,1.6938910576006303,1.5307135351999086,3.4068344187849346,3.037499834905494,-1.0218609502592564,2.1490265280094882,0.621762045725208,1.7726567393296786,3.118147457005945,2.3680719409782354,-1.2850405676417318
E25Q,0.4,-4.29800642340532,-4.575180820439034,9.123263846394847,6.410133269903841,3.6640079491904745,0.9583845680601395,1.9843363841620152,1.9363182400249324,1.873957668815104,-5.226466961366068,-0.8295918535849128,1.5410596089903714,5.96343712796865,-1.7098614406640067,-1.7593493827893487,1.1528874183358233,0.28013200973040076,-5.028458540746861,7.650094961825931,-0.7915748121319273,0.019335843474563057,1.7472891560685975,5.5368079834303865,-0.08785868702686095,-0.4787611542928881,1.0509028377503202,-0.18294740188723194,-1.1450153362679818,-1.963627670802216,1.641324786463168
G123A,-2.6,-10.484885392650128,-10.88111200864925,-9.174394405073189,-1.3935794340651682,1.5214873339565957,-0.8129995001977348,0.15169507170623198,0.5036082019433684,0.20095122869387735,-2.392637011106954,-2.1176441467877734,0.07946044689556711,0.36799098583894946,0.3208291793373351,1.2337386149598009,0.10019208213911379,-0.5291521487607278,-0.7079927996710131,-1.060762169344503,0.5298097461212594,0.6425319522916728,0.44630932771203924,-0.329534306341889,0.03380328668632182,1.053772919003919,-0.2289181959893982,0.2767075034521265,0.32233280023117405,0.06322214717542196,-0.2653306645690728
G145A,-2.3,-7.4087302127691945,-7.629205099219879,-4.355433906642477,-0.4036738638762225,0.6067094822239131,-0.9927988621429659,-0.77967801285734,0.6272618765525331,0.08595289248740817,-1.8156652905403965,-1.0932509511715585,0.36271051536087884,0.5808759556919728,1.4266736077144733,0.5751029930964615,0.1895870433518817,-0.4207896866671702,-0.8516333236191396,-0.829277694388425,0.20693829624796206,-0.43402959688087983,0.9293310192985642,-0.19464888354675494,0.565172921072753,0.5049331621740226,0.9298151689137379,-0.011570224694870351,0.3445499892853619,0.9073572897182272,1.211734682054421
G147A,0.6,-6.571769190739086,-6.974487279177581,-3.1597103954489665,-0.10770962884655717,0.9001752569513057,-1.0604891481587018,-0.7996833207205101,1.0963025654240262,0.11445360701030242,-1.5913206273417464,-0.9341183219648483,0.2909611470623968,-0.2656313037857169,0.22772997710360757,0.5098761474358272,0.7515578450183287,-0.44979851230745094,0.14545815262944062,-0.90744560748349,0.06638448839951125,0.015410206828526106,1.1121709944659202,-0.0375171315506727,0.34084176484175577,0.3074278872710792,-0.01940960644961011,0.1596777361429175,0.13541941293781584,0.6048741710905007,0.06816156546523468
G34A,-5.8,-10.56904781943036,-10.277997067750265,-9.080194743337845,-1.6415451089495237,1.7002358457962277,-1.2064185120279294,0.23001323561272663,0.6395555928636034,0.5910716412646323,-1.902007907414452,-2.0901574942094148,0.5860102153470174,-0.103120671581319,0.18178325299816683,0.4190973208598796,-0.7011384195890513,-0.9739588465351884,0.0625462985239252,-0.5240523062594464,0.7134931598016349,0.6847959459424079,0.8593083229282141,-0.7111652275140328,-0.5260247455317413,0.8099399185330185,0.2176786291314272,-0.16758243668318898,0.40995247044011607,0.0574856639217591,-1.1319947591176378
G37A,-7.4,-10.602385279277481,-10.510595867543142,-8.898843923796456,-1.6692945177495564,1.7879339702820114,-0.8363865268373087,-0.2638367425961748,0.6121621043540808,0.4404695690926165,-1.8529666750168916,-2.161736856283508,0.9890233157909194,0.2640386339482524,0.4568495604651703,0.4062740605336983,-0.5774604919125208,-0.6195790198906717,-0.34622513129343874,-0.769508657661383,0.8963936098126347,0.2918534923072618,0.4866912939263833,-0.6360057784960099,-0.7118510988856495,1.0749720143200518,0.25310499095617844,-0.6830418220652694,0.5280305992130984,-0.08197294646617563,-0.8120210134410634
G40A,-7.5,-10.760861153054288,-10.596469908498431,-8.967470058674108,-1.7426111457070184,1.7569412386003531,-0.4914618673035492,0.36251844887817497,0.7125151574920285,-0.18981229086859064,-1.8877285648008975,-1.615911401325495,0.27414584343030174,0.6073775201389173,0.18751231824771383,0.5676133844762437,0.188009082237162,-0.6299244625582315,-0.5558106809190918,-0.5118847945909402,1.1980430905406285,0.05560561830149312,0.6714281150574023,-0.6357418316242763,-1.0444380404796194,0.7089453119236336,0.4731637042558003,-0.49198257706456927,0.3990535024228648,0.5607654633583249,-0.40264871567431604
G55A,-1.2,-10.43209299265307,-10.602065377471071,-9.164079390347041,-1.8133539042526898,1.3794481264069227,-1.1169825125393513,0.6940806327997193,1.1316652464913401,0.04510969853059877,-2.602117227501241,-1.4819795143148236,1.07069436595264,0.27246157483115246,0.500284885665014,0.7801327687214525,0.9569697434272277,-1.1157353052728944,-0.01825953561823434,-0.6200509277801316,1.6752945704149458,-0.007332926312439237,0.784873376658666,-0.7162549248892564,0.0521418766463394,-0.1521250423231933,-0.02874657114964054,0.25867970024220077,0.027574525718030624,0.1937363791596705,1.0238609246311376
G55Q,-1.1,2.680769302639159,-25.857323004542852,-7.585930734169457,-2.0893826162114704,3.075967487178985,-5.440228186989098,-5.980829040406918,2.2146764357712994,-2.1421670345987645,-3.928658169503664,-2.017356329990157,-0.22176839169132176,3.0644675066866425,0.9525855170774397,1.439781202397026,-3.084612601128406,-1.4728922354952334,-0.8121818702390605,0.35091979754340613,0.11544854202967929,0.8289846826120562,-2.8545518305183752,1.816221848450634,-1.3654324384568206,-2.8845838392312353,-0.032302069703922805,-1.5283882984694366,-2.447141380955901,1.2773421823731292,0.6627338416889683
G66A,1.9,-10.045417788327457,-10.103542451842836,-8.45834171180859,-1.6789630856996345,1.0680683710848027,-1.0854102516396993,0.392293743004969,1.0905765014136026,-0.4202641558541577,-2.5538833672857186,-2.2318511436770416,0.30658772718733945,0.3868379682134105,0.36278488353247673,0.5009597383375614,0.7938736546663945,-0.871425232815589,0.2826244376488228,-1.0251858828162208,1.3213465601862413,0.2512108630314745,1.2797721630313987,-0.8465345372554902,0.4752434198612513,-0.19151795775093125,0.13190028696894207,0.7512426515415811,0.7759263969123227,-0.31782892456606643,1.153058804201124
G86A,-0.5,-10.141708506294517,-10.05100887931617,-8.71832748907068,-1.4919318708100833,1.2999998214354296,-1.6564274713104399,0.6464872759273848,1.4237757825784103,0.03519118867810288,-2.436218098651733,-1.769152489804305,-0.3273025980004875,0.35732007869418103,0.7123991008713114,0.6930241230708605,1.236957376984979,-0.33286607407642055,-0.03326635545746849,-1.3304297230578848,0.5316415847121437,0.34644148745221354,0.9317391862413534,-0.263247255255851,0.05665222186796968,-0.11012750944933702,0.12583818068476504,0.4127800738110017,0.2875085371757836,0.35331935810806236,0.31329450551298965
G90A,-1.5,-10.242963149941714,-10.099369069247222,-8.775613153050967,-1.6673629607081788,1.4795263745885345,-1.1843720951184171,0.6556051474740825,0.9645628168693273,0.37693652572326025,-2.8527160024802565,-1.08515046070393,0.13463141350885782,-0.13009555416511254,0.24185853907009372,0.9504259584782858,1.4562128731596693,-1.2149853614226724,0.20298199143396062,-0.5388449712921858,0.9588307204054635,-0.2558630921334855,0.8563322202302971,-0.2887900189640504,-0.7145334681748535,0.08416249470719073,1.1419891319795803,0.8641735754417649,-0.5786323171115144,-0.13549610819609553,0.10857992505982834
H96A,-0.6,-7.236650440484823,11.711113862956358,-0.933637952610256,-1.5384599649738644,0.5071423377854538,0.8863496140592567,1.3156466234346786,0.9823873760749293,-2.1588976485006715,-4.801649871271883,-3.321259906003549,1.1933277395541146,-3.5528666824273927,-0.4595474985184875,0.4962147226331118,-0.8876780735152242,5.6519715749642865,1.645479114664419,-0.8705476512625624,1.1818472690042583,-0.395645506143523,-0.7056576441723781,-0.23938534363336514,-2.0403687522131735,-2.642742098097859,-0.46892196614426856,0.5050875140767026,0.5181794593673595,-2.9542384904232533,0.7129526320414157
H96G,-0.5,0.8043979152554028,18.085256925563737,11.439490609220389,0.912952543475015,-1.4464916417303373,0.8551472967732633,0.5354656064711216,-0.6056790686203969,-3.255856719118462,-3.2804971568165655,-2.7383483180656416,0.7733501234810213,-4.810391878969698,-1.0653159402336863,-0.44986735936461775,-1.1467058850086194,6.348833627865453,1.6617922697817362,-0.5086340046626063,0.5593647037366112,-0.3634543575783415,-1.4607580399573112,0.1312391539943784,-2.0518451180773125,-3.2735139407242255,-0.9642919102536563,0.397382947475961,0.5250775063137728,-3.0879764670483385,0.8263707846923712
I124A,-3.9,9.7874973082023,15.190042862575645,-8.67996750362156,0.2032278926970833,5.837533922329818,0.6315459250786197,1.3313174689528395,-1.018449761598902,0.6451252519774732,-0.5111611976004543,0.9534095207715719,-1.5210671686176618,0.13646600498481326,1.4417467067539638,-0.3469211702677439,-0.8979121952305417,-0.9140477710228221,0.5185570174249317,-0.40106642125613196,-1.2647559286169425,0.7054870413702373,0.1849987325436662,-0.03836008214153909,0.9382247079320186,-0.33896814533873365,0.7083861330569053,1.25371090594815,1.853031867813619,-1.0970155016505805,-2.509317109110603
I124V,-3.0,-0.13435019856164032,3.6594013264507708,2.082601250603082,2.0523641230823584,6.6205430988985725,-3.3592857198613264,-1.3394880297942502,-1.3858897420973721,-2.1943027471519616,-1.2200433573207816,1.3864808454177915,-0.6316803401444703,-1.0492517502052114,1.705872902974001,-0.17426007045218275,-0.8097444478865045,-0.33083867080883766,0.14675088789535226,-0.2475501295169823,-1.137935969342058,0.43866758493130803,-0.060611012790562614,0.055019713830669975,1.1674988586516437,-0.07708196272293476,0.7397111620745508,1.2630126220519815,0.5910233622785418,-0.40984339237816436,-0.7906735700141472
I41A,-10.6,9.770168466296985,14.657769140815166,-8.849405783591465,0.694002766327271,7.404752727637303,-0.29512987805820223,0.43279397643745837,-2.080921955642591,1.2740449627969,-0.11752907512204662,0.26913152846792104,-0.863537117142239,0.5857797231478925,0.8659394078194241,-1.068508804466848,-1.362830833639264,0.5632882314046236,1.4295887306909316,0.3499635219278023,-1.2694210821238556,2.222589384658133,-0.8910627624889482,1.748349963927673,-0.43470211398195263,3.828314449210874,-0.24262885489542518,-2.243523799030565,-0.5500165356131496,-0.09128862815719403,-1.0415336885343938
I41V,-1.5,-0.0827105514626817,3.5597508362524937,1.9870535761737202,2.043386823520565,7.200245017603546,-3.645897940469934,-1.5691895241868097,-1.8198275877595254,-1.9917691456217324,-1.0889880326903107,1.0458809642900035,-0.4069987261512098,-0.9929738646261879,1.5919128684711563,-0.4471075446421345,-1.0268806188744253,0.21154163576404011,0.46625489020016175,0.04592026795411042,-0.995643233280517,0.9661472481069855,-0.34652286096407175,0.7547972613876703,0.7954362615928527,1.4053313499413984,0.3943643424194994,0.009264315593520745,-0.30481910049644834,-0.04871548031756189,-0.32467493608132375
I74A,-15.5,9.391956191112596,14.413936864216327,-8.082333936353791,0.008991524781117793,5.846398065402778,-0.9734348658638834,1.0171724438553404,-0.7145350371573598,1.72022579363558,0.6553106480806381,-1.111199155756983,-1.196800096198462,-0.14738934922697372,1.6424918145486151,-1.35675419808565,1.3691882445820178,3.469845280422815,-0.8147672637775744,0.04827367357046126,-2.1745291896946672,1.540894680168358,0.5217852287973579,0.9491896962607602,2.0032946629104185,1.439253103244962,-2.8544592800146873,-2.491862987262708,-0.8770038438656157,0.4751830364368956,-0.21043609130552454
I74F,-17.1,4.088462867534435,-9.902191918029933,0.5250824603348959,-7.406325263970932,3.986631759223683,-8.394972160962574,3.4417654568366447,-1.022750036413559,9.546207930534601,0.37522288911227375,9.663668319835406,9.442154436544126,-4.616970368944207,1.1277521240657349,-2.3346841244673455,8.397145226655972,0.9178242100511698,1.2687153283596462,-0.008898103970208843,1.5668230897949584,-3.099785655673721,-2.7026978062972216,1.5343428858364847,-1.6505614073024608,-1.325966465490097,0.7457970546628189,-0.1475895253346596,0.8512712580236075,2.078029398635021,-0.08393122345238094
I74L,-0.4,0.9726474127694555,-0.03931309479065923,-2.1126557618556396,-0.05875206471411861,4.894633498223693,-2.6678531656733817,-1.3418569449486284,-1.5740041098049178,-0.30740937057223366,1.7180414286830048,2.371754673035628,-0.29694285374014484,0.25087163822357456,-0.7536617411280419,-0.4452505950578695,-2.865109896353224,4.209004816703332,-0.25285153995601795,0.7178259139110191,0.9360189727893672,0.5239162819558082,-1.4681630679004682,-1.0518899857390624,1.6436457827970454,0.15264233856110626,-0.8774146056988901,0.089992049303384,-0.48977543296230397,1.157231925375291,-0.15997108432317633
I74M,-7.4,4.926917461786021,-2.2899664040722825,-4.5886494653470375,-3.089089122039148,4.998039930491713,-4.207538921398586,0.4019970510502739,-2.3402891268171513,5.870620470391739,3.316274701973497,5.260558617225255,1.939006939963305,-0.7096050402637927,0.2177912168505846,-1.2598518018550198,2.249596559156527,3.3204651360742234,-2.3481225772830996,-1.716076514726939,0.6266880343091404,0.7365468086613001,1.8783615125806576,0.7376142146219079,-0.2025309626283106,-1.7678887806033847,-0.37385341571490666,-0.4731083366207769,-1.07119607651737,-0.7720016438042231,0.5435918868954985
I74T,-15.2,17.066781787129965,7.014925285141024,0.510304990567498,-1.6781488104767268,5.884687708477643,-4.570248189617599,-2.5778782097594872,-1.741412087276296,-1.0525655990532123,-1.8034572658776808,-2.3126790464972986,-0.7729928760354581,1.813336720154773,1.9975438316836163,-1.1816392937038425,2.8909371281398673,5.58042776025951,-0.601100055786171,0.09556374945602025,-1.4771908411541705,2.126094053221144,0.3516017937674669,-0.22481205159450598,2.7712188848984427,1.1349235988963633,-2.717436959152155,-3.286672893521604,-1.2568275303877323,-0.3275925358328551,-0.09307606665903045
I74V,-5.0,-0.23562303496845136,3.3678564013890346,2.2644537400990474,1.8689704128668336,6.323214178625776,-3.747328387412431,-1.3633035728932847,-1.383880034994459,-1.7203821644671249,-0.8314331372936158,0.5614506716135368,-0.6464285581791568,-1.154338284489389,1.8125624503186244,-0.599966356986309,0.060466772148929,1.4945386780184133,-0.2673612907314066,-0.08126546238845599,-1.3830875647939078,0.8939986054481792,0.020577528746394312,0.44177429159461645,1.7144314094685618,0.4763282037910479,-0.5489046984079892,-0.12588224445873675,-0.4179782160613455,0.36349824332319297,-0.057878409016234755
I77A,-7.2,9.241130936196793,14.332870535787848,-8.13642511942764,0.45346372070178925,6.791394269901174,0.589816769427847,0.5699740439718465,-1.9294912424429629,-0.5070937075584431,0.6419732731098036,-0.6792035896578906,1.87911540870679,0.5288550219492401,-1.880956002308251,0.5963521922420985,-1.2707051381482535,-2.895274759849048,2.1900090905576803,1.1112188809715817,0.29775576002709764,-0.9943254677382765,0.43385124480871057,0.10122251397229882,-1.2019778268516899,-0.14286425856635587,-0.9914248696048283,0.13449523751738152,0.17635170862431213,-0.5899716222655227,0.8870042105575795
I77F,-3.4,4.035109340762906,-10.573640807642832,0.9463226645042716,-9.095779478589112,7.960697099113042,7.393698740136714,-3.190336394473505,3.5673777676439338,-9.008888113313068,3.929370991935726,4.648727008010657,-9.273951841012874,1.4803748128645713,-2.7063695313310476,1.318660264451692,6.102934006518932,1.22038276024163,0.36468280776576095,1.6040888274016445,-1.2577264581413752,-2.4432099730694032,-0.6620059430772497,-0.02255546106146859,-2.063952235566334,0.08072965768140698,0.5331976936965227,-0.4950984879112258,-0.09777785078865918,1.2946873764477962,0.5566457976155931
I77G,-16.0,17.156208764176323,21.704520955257884,3.6982575720787607,3.4544235033320847,5.434521964033871,-0.3468467680863446,-0.5184327056470945,-4.041510419266064,-0.8552059836749369,2.5346604865325286,-0.5345641310231649,3.8172515807734024,-0.4008171289501637,-3.2939056999342973,0.37165724078143475,-3.0445330309751877,-3.80955966678656,3.097477327634952,1.4471456927956867,0.015347113939593374,-1.4114462336801834,-0.3347136445967787,0.2236376503808523,-1.4514244870098132,-0.37365635534596586,-1.9938046322482366,-0.5101137572692563,-0.1956257902976049,-0.8612163994458681,0.7707176360494399
I77L,0.0,0.9338987248805375,-0.04909496964863923,-1.996467408624993,0.038669476026420076,4.991514910510228,-2.4581759491044313,-1.07051205229656,-1.4367738943769848,-0.5953395655597178,1.8836064811955882,2.474336329569594,0.22162803033294745,0.2230278732824872,-1.4187612462968173,-0.10355966539400556,-3.642995408918228,2.645869984962909,0.5097040211125731,0.9720477752223428,1.241427186522977,-0.2984860621436983,-0.757913586034428,-1.392889833385454,0.754852390591905,0.3988681318646451,-0.2656346388080619,0.9335310035847517,-0.008631943045761988,0.5615635740799482,0.22221154004005292
I77M,-5.4,4.8681926687802255,-2.7485889393963596,-4.374232529643378,-3.4479929859786167,6.7058359393058655,2.407777458757616,-1.8014554572895392,-1.1913535338153365,-1.9384311438062414,4.460219022429707,4.102317220038032,-3.654144414832284,1.795667725712028,-2.633413726216252,0.4132898970093755,-0.012052300740229446,0.42395988715335764,-1.2267631062103728,-0.6607103763092184,0.4805983799187227,-0.11615005826168608,3.084521913791945,-0.44023301700522266,-1.667727186811431,-1.6185260092332308,0.6038161866548539,0.9723131866095814,-0.7008758172786225,-1.0484454114509847,0.9109165971929898
I77S,-15.0,21.997748334060482,10.769222176928112,1.2972219398728593,0.020745485232573503,8.628941971603169,-1.3502015923093444,1.1571788962272296,-2.2981314650173634,-0.12692901650821847,0.9893978220370905,-1.176669560051516,3.806256010021842,1.42179296659752,-2.8593284599044786,-0.12751743978822366,-2.289455386571038,-5.54938542222718,1.2723313458718186,-0.8119989107167769,0.6696747743770634,-0.6153553984793966,1.468939899225271,-0.730732908832591,-2.2422296805208792,0.08790818814123963,-0.8055974611053042,-0.5119928699450188,0.6283866954451311,-0.03311635465654231,-0.028815721372202202
I77T,-9.3,16.838290380143597,6.908829343916798,0.4446223042767186,-0.9574845547717175,6.1958560268480145,-3.530460407719885,-1.3856979189259266,-2.1500488101254365,-2.6843255246561246,-1.4243980364242992,-0.713667791773142,3.0567252441853796,1.7510360446368405,-1.2033136314973065,0.16577600220244929,-1.2390139186306026,-2.2536269745885935,3.4567049072982647,1.2957254363525101,0.7878884405740921,-0.8934769793793007,1.3960356222264472,-1.3638285336837208,-1.1950184130586263,0.3177052779181247,0.12177700689441984,1.0749765525793307,1.1733431344251668,-0.6187680665614775,0.7863935526164535
I77V,-4.6,-0.26744284492232,3.3505308186030986,2.2358898925071333,2.022873808600585,6.627783444717636,-3.1957356179992025,-1.51800329567542,-1.7766324435770604,-2.4350501598039527,-0.7813839649535196,0.6913576410802669,0.5219353507439343,-0.9291060633986563,0.5096201981917832,0.17818372883417966,-0.9965088094649411,-0.9927497494697862,0.8848280349604349,0.27903696522411614,-0.3627641999561254,-0.11930035235492771,0.06987905200793858,0.1640313584330036,0.4058757939179969,-0.0009219254954308541,0.3077438633463597,0.8897677445639929,0.02047437676400513,-0.3041406115395033,0.3651363971880809
I77Y,-15.8,15.943790911226072,-14.912280063882484,7.038540488652815,-7.496780075413867,12.412088505927285,4.983903064267669,2.254461782751636,2.7431781541994407,-5.144082566205754,0.9339396738461201,0.1420035300867171,-4.040973753163698,-0.7713283445086326,-1.396777237347667,0.038961379249858014,2.3109376903917265,0.4506725969771012,-0.22494165448414832,-0.9265485827824907,1.0465051679041733,-2.464234748086151,-0.174690456171181,-0.029593564266938446,-1.6214504209189062,-0.06963597419740523,1.0299843559904618,-0.24902842140990658,1.3685526790657467,1.965661190192233,0.5213110946101089
I107A,-11.3,9.274821963168003,12.841297012131857,-9.100897851230584,0.7315818244904282,5.195593214391551,0.7956293072626143,0.7090571457166794,-1.069616103659542,0.333532262039335,-0.02564642314530301,1.6598117192012334,-0.7063352687607274,-0.5378698459947109,0.3806273461941907,-0.018062853543042982,-1.4535495378097218,-0.8940005802901286,-0.4308285531233665,0.19416837603162623,0.6113644251112388,-0.14918268666191417,-1.0644399189466953,-0.04071095765378567,1.4916983732600662,0.31526018823367397,3.1312960349743975,1.8658461278975944,0.44546215029262765,-0.7494477361466443,0.4792448551997278
I107V,-2.0,-0.2634775927548784,2.8049897202353358,1.9768160275772013,2.232726884001168,6.479786931914947,-3.2502518873361748,-1.5159423801182441,-1.5357577917568987,-2.2003066574990315,-0.8945453372174007,1.5289493123502795,-0.44687447210541215,-1.273077572151515,1.3576042569504898,-0.09852307203761528,-0.9545921350994883,-0.3097128457037723,-0.2811012521429921,-0.18785506056222276,-0.32455151941700766,0.11476769108399197,-0.3186961213347756,0.11403828780231774,1.2680372829098776,0.18459892242828313,1.5809219449448764,1.4194671483470425,0.2791729557779519,-0.24080541734832694,0.26563052325013287
K19A,-2.5,-17.997636738295686,14.116320402382255,4.9940248805669185,-4.447513447905459,1.472245726507247,7.1832933935836065,8.937498263823205,4.75811062296917,-3.470065740420486,-7.261881792575879,3.6785533584636885,4.677566343072329,1.695612976382184,-2.2169725758757677,-3.2492718105805682,-0.617250982614428,-1.1851442338494227,2.5445795385459298,-1.6845588175531698,-3.9599559989078443,1.434626995070594,-0.4705714036958464,-1.0562581163701348,3.228295299944308,0.015598169619629896,-0.18214453421705404,-1.4792934346688227,-1.5209438880972186,0.786259834315082,-0.6135960163834537
K19M,-0.5,-23.401974840886815,-2.5823342635795217,8.860131165142077,-7.554192684685049,1.0327710774024268,7.122563929174069,7.226370501041675,3.2239464953050576,-3.553277859568997,-4.460801934560393,8.553342078772335,3.9637184037389774,3.4184062162353728,-3.6174532586110453,-3.982179930668889,-0.5339266164135393,-0.11388339676342989,-0.9047614592775094,-3.4536241730599717,-2.0661702278426595,1.3657903744531026,0.9398910643341821,-1.6031977940463742,1.0497596773347637,-1.2184597040601464,0.33755968600796094,0.2169503350572118,-1.6702435045610182,-1.2013380967315348,-0.12188938764587
L26T,-15.6,13.858105541153147,4.950131008542732,6.820651412388975,-0.20922562126962022,-1.4646590212783008,-2.300979257167692,-1.6922038686702114,-0.5004007937331387,-2.395281828419402,-5.335129654745101,-3.3652857443172928,0.36317201351594236,1.0166198397909096,4.219936770055628,0.6379611037203874,4.462154663283502,-2.4948525946463196,2.090272628627593,-0.35099697353393283,-0.512440636497792,-0.11939564926508651,2.7167065704188746,0.7769020666093732,-0.1744995205067262,-0.6789206645715257,0.813006956038027,0.025364049541364196,-0.21059193545444863,-2.058019181443187,1.7124007970493895
N136A,0.8,-18.351202098114317,6.840947965339766,-4.037873173489326,-0.3271227926957061,0.35243714498144607,5.40611977673826,1.4660985775102906,-8.983118181966075,-3.6175092103075124,1.0387796018262578,-3.424777218321174,0.06756483222871987,0.17134399959914165,3.3316836167514596,-3.0888821612774437,2.642544805908972,-2.327373078021078,-2.7810109252567288,1.5711181481814815,4.589527575043634,0.21907095792713668,0.6223731929385655,-1.1115235337987897,2.189380955152589,-1.4747088575005245,0.11679011475787997,0.07735535899430002,-0.6666948756980352,1.2676350515050776,-0.41651067234362565
N136G,0.2,-10.080309373299627,14.89836917356739,8.515154986260914,2.4546698317186206,-1.4791281310520632,4.4736503873873135,0.3372404219082219,-9.731479922759705,-3.819288884334001,2.196779451190962,-2.2512293089469004,-0.07680157336547293,-1.2212782441150831,2.7396628120648936,-3.1843401703317595,2.701607569445889,-0.9928162987378135,-1.2972203807234632,1.218083269233129,3.4170015665536426,1.015434302173667,0.3278585759812027,-0.5087583926988344,1.5522097600060427,-1.8211400137676923,0.3355579602778545,-0.10834862702109077,-0.7039432490993195,1.5618477917790183,-1.023371369047056
Q76G,7.8,-7.72506087463212,19.524838621638658,14.134112868446506,2.8303459057206397,-2.65057927842502,4.935861303183133,2.1545462459484255,-5.893385916532071,0.5258627489720846,3.380296227119414,-2.4382759597007633,0.5804350202047992,-1.0432064240595877,1.3138561230040315,1.4519623111779152,2.739142985460055,1.6651931913920772,3.3059934729088893,-3.3933507458770253,0.1214954809997068,-0.27763315566028796,2.4476821870581693,-0.7751003544418501,-1.410723861769266,5.114968710988986,1.6336779572226907,2.130794773534803,-2.42412590539312,0.9623808954439321,1.2873902959624237
R39A,5.5,-16.642808352273782,23.49577344951907,0.9173226283290837,-12.607131306477731,0.37792378480625677,-7.335907155911176,2.606298004124916,10.545380277921485,3.818245096410363,3.5961910997961355,-3.67973539388263,-3.7551186824776837,-1.359664454123593,1.9697000227581822,-4.556037982742971,-1.4482664465490473,-1.8575648872395039,0.2552065947607602,1.1506127172973852,1.3946099350894805,-1.6137479255989564,1.9977740333261649,-0.7842486358158205,0.10782635315473765,0.9714953930308485,-0.24319815460958946,0.888049785730862,-0.9477469828561229,-0.4577951533034909,0.3346261118292978
R39G,4.8,-8.23879108835593,30.956399176902824,13.083322908265108,-9.95291899340906,-1.7321210750657603,-7.269302703482333,1.2262757023292787,9.758250590854411,2.471210711249985,4.807142988696732,-2.4074177074284124,-4.323612087786297,-2.05829751338822,2.3988638579895167,-5.276826739085485,-1.3859209469824754,-0.9058906290018461,-0.2604575335330759,1.517142135841453,0.2950194634584078,-1.934191429348859,1.4652392262658052,-0.08874909081753302,0.7705211947511007,0.5688721710904331,-0.030691045943436617,0.5264976604013956,-0.7957009336940072,-0.08437699250913541,0.807336448558751
R68A,1.8,-18.009180374541785,23.829390671898057,0.38773156702354444,-11.43560735337813,-2.2586732978975923,-0.5545755246379674,2.560219876164662,-0.4648517863846848,0.9573391616038233,-2.9407164014300076,4.04686943748831,-0.6284135657927445,0.11569171368164517,1.4897070002581938,11.320696392193154,0.5565388144848653,-0.014150909082177077,-2.0305147710422227,1.2349329443137718,0.9079903696367191,-0.546783470082891,1.7807222705758619,-1.0593710860285732,0.31258350794329737,0.5947749845136954,-0.3128341679642846,-1.4344539064192803,0.7102631872690496,-0.5095553453120857,-0.6232796540542641
R68G,1.1,-10.199882517609355,30.604694781872293,12.178619927459906,-8.67641436325987,-3.8236685320003967,-0.6402394411768562,1.0705568067415392,-1.5135026782144376,0.2669727413123927,-0.9372068798344161,4.874027786697536,-0.8358427924098493,-0.7961905080796097,1.3200270351614742,10.347660738286677,-0.3069415804452377,0.29017232858358954,-1.9378260138175543,1.4527585567921601,0.5096967802794877,-0.7050788478394958,1.0396785420753474,-0.3567628752717699,0.2596469586351541,0.44171683342708085,-0.5048439557357016,-2.101357928918333,1.437337943882955,-0.2253668444593204,-0.5474596619872993
S42A,-2.2,-14.482929959395488,-0.40784895169145896,-5.859239709113387,1.0793258122402172,-0.5418951758166866,1.1237630345673817,-0.1512817862173885,0.3969091313224765,-1.1768441765766182,-1.1269402558829937,-0.6814532485255369,-0.25111859977986534,-1.2155012534089173,-0.21295871341898362,1.3577305102491037,-0.8544959747581226,1.6879796686444868,2.917454195415587,1.2382470439931745,-0.28808486085173424,-1.1426779176892603,-0.09884937604410951,0.7469255743409412,-1.4081752823523457,-0.5979468605789392,-0.996480852424674,-0.4058103435749025,-0.01025189245368497,-0.8636926648737981,-3.527479309447282
S54A,-4.7,-14.644102477304164,0.14422416744900682,-6.442168360150446,1.5295106572590493,-1.1917187540918825,0.9078168877218833,-1.46796671443533,-0.7089384869817583,-0.7523812040724681,-1.5671604605881908,-1.0113227762824921,0.5190300788898861,-1.7781313316768945,-0.13208862378151315,-0.5547723990948578,0.807467335513337,2.4266740555453845,0.8448073016503573,0.9736239585138479,-0.8789327338310277,-1.1318663502774624,-1.4652987810129312,-0.3807207307122819,-0.8438306416338467,-0.4077433209888389,0.7657215389831687,0.8823222823258158,-0.4775075126914848,0.4597895569878767,1.8373186975439921
S69A,-1.0,-14.631817572139404,0.4660734084657555,-6.089500091368497,2.0292190184963816,-2.2071863995949443,0.2512069398880102,-0.950813212282685,1.1317936621120823,-1.9054661046842876,-0.03117902627950905,-1.1942398673993952,-1.1491844796870436,-2.097120647348061,0.9437403266093337,0.5177158725326083,0.2960907653933422,0.8231022765134528,0.41715905701492445,2.5022381082686374,0.2092863617178808,-0.7503817515701634,-0.8802031551007629,0.309709364026341,1.721608296039413,-1.5018861957437049,-1.5319263699205004,1.546545535533957,0.8515865610141433,-0.7174828646589599,0.1118338766726388
S79A,-5.7,-14.510808571696089,0.25982714317466815,-5.743957923774094,1.269909415032747,-1.827911021730849,-0.5816142111472169,-0.3803481156630779,0.08748971701772393,-1.1292558154875214,-0.4580340629149275,-1.9289856085642412,-1.0477550932706419,-1.4307429165026295,1.0545334218328244,0.061215022506222704,0.9401708285863218,2.6422782874227155,0.8494251098609874,2.034373849864277,-1.1241104430598312,-0.36142804843502463,-0.6198580673144197,0.1218894608217839,-0.20292614505273404,-0.9236019243467323,1.574561632125757,-0.1352089310402985,0.08358373543267571,0.061804262153411234,0.5688513812076249
S98A,-2.1,-13.538326186554038,-0.9705889818096382,-6.033826644185695,1.4262119850821051,-0.21874346904527525,0.09344677790718547,0.6304844713267642,0.8390413751441055,-0.9324656681457268,-0.24244635031801967,-1.7106283172877759,1.2467917115962586,-1.0182813745185813,0.011314780337705443,-0.3875980742505333,-0.5162153604567005,1.3442673489449295,1.4429765150638256,-0.026665228538569515,-1.1514903063438935,-0.6419075526702324,-0.7488125653226233,-0.23590556976503038,-0.656954043696973,0.2982879487488641,0.8600921667669127,0.3812669160477008,0.5292980332922397,0.4001091335673425,1.2260149110476348
S100A,1.6,-13.565652321635785,-0.943328661950184,-6.2312818579978995,1.3279478734174541,-0.7225211251719521,0.9957050798796628,1.268364104512718,0.6454695434056387,-1.2026658587666723,-1.0942731990708188,-0.15426613856985086,0.866823009757663,-0.8535994296157118,0.4698305692227139,-0.03295235193616298,-0.1414444008956471,0.7086006632696068,1.879856270419564,0.16254232791233467,0.1930888723809953,-0.5718715135286627,0.15785326719988274,-0.890568112660025,0.8132730330402669,0.22878972832131536,0.7995791079576523,1.2390451480001314,-1.049201568432867,0.34158894524270933,1.0658350378883437
T29A,1.6,-10.056251261074618,4.592111500684777,-5.9597017438772815,2.8156659007373035,0.706973166843676,2.5143035194262144,2.4826770220838226,1.2779358819736644,1.9313756921476373,1.7390793187074158,-0.049686556419371454,-1.088702235626467,-3.0537614536864024,-0.8757646197105508,0.261459221928242,-0.4980241088615894,-2.385161636153722,-1.7674439856647763,0.04404223989591138,-0.08394443324328757,-0.42257111728405733,-0.6590088667063807,1.5580976161761841,-0.4448947728337222,-0.44945014737976297,-1.4294190942079732,-0.4931931804852899,-0.03259353012405089,0.3134345261122816,-1.5782900812495329
T29V,1.3,-19.81035881018547,-7.259769097755234,4.7853811042127115,4.5398237987878955,1.1040881337108972,-0.9376456386934124,-0.11044292056883424,0.5988675593932875,-1.479383242704504,0.7802705123835832,0.7000952934350957,-0.09130134070009856,-4.395006415687354,-0.6609036312138376,0.8090606405084244,-1.2063093967589913,-3.278224576397368,-1.4206587620862139,-0.3382075143036792,-0.09666310113835201,-1.3703680851282989,-0.43682842119060583,1.2500873268973631,0.7513325855982084,-1.2227189979197073,-0.32283272832059107,0.5967135756364037,0.26306521893364326,-0.24281407066588942,-2.1170754841047548
T58A,-6.3,-9.819971306868505,4.169572663329846,-5.608435252894182,2.7363940806088687,0.2208260933925667,2.892466976094397,2.235239579534326,-0.5808864654445391,0.639677521406872,1.7655474285338246,-0.5880171377632917,-0.577206332230897,-1.9461270029372326,0.40319313660779277,0.5821991380251178,-0.31561593401545057,-1.7176669487231253,-2.009347822690154,0.18863228538352106,0.37693419700278513,0.4140515638829276,-1.0463020502972442,0.7743902578461112,0.32558105226348877,-0.809130771949281,-1.5113455603711945,-0.9350433503198039,-0.7906078701048683,0.22118557650992665,-0.773772098449372
T58V,-5.6,-19.006495114979874,-6.443606703599433,4.788757499742359,4.588618883451169,0.694042293647509,-0.6549011626543472,-0.05298175695977751,-0.8408418455506672,-2.1496305688991226,0.9684539037048798,0.4544821970773712,-0.5512895191777984,-3.3357841971872326,1.4759179205765396,0.6005633287005276,-0.3574359323735291,-1.665751399266332,-2.6576242999120376,-0.2640034322916155,0.08144629305864666,0.2249264217188856,-1.2216289670461062,0.4547641190969113,1.6126595346044479,-1.1574999756814806,-0.6798112731639525,0.17806973554445774,-0.40334863899857654,0.2640141097658622,-0.7061487247506231
T61A,-1.5,-9.740301470938205,4.349658266569128,-5.251812804190879,2.6420758368869626,0.4258602322989712,2.2760606153516347,1.4839266946408105,0.6482085931605771,1.580385629538808,1.7973783775958851,-1.229372814786105,-0.5587300671389329,-2.380904239488754,-0.9961177471346389,-0.2905898428865308,-0.4983912415172564,-0.8091038522908084,-0.990913126763571,-1.4154363352672228,-1.6451811948313144,0.061938736339441865,-0.6152408414635319,1.1303608240112737,-0.08966160993489612,0.6911487940477158,-0.7055230455836712,-0.3578846673987572,0.015214077237270286,-0.060221105689264726,1.3943580596556322
T61V,4.0,-18.569043461530395,-6.0208204657068585,4.926480801994776,4.5066532119417655,1.0300616592896785,-1.324522033530228,-1.0011878422822427,0.04319832829135237,-0.8574594620371435,0.8923896159960434,0.0008217270905345747,-0.9598806611407962,-3.7083533944636073,0.3299476006103906,-0.07737226091838299,-0.6925890576802544,-0.6544416478214002,-1.7817693551430893,-2.0623839488863855,-1.6907256740068393,0.5848178530630804,-1.6090543258102312,0.6712404327152169,0.45156229546744747,0.7210321003840322,0.7916644119283148,0.63415970383685,-0.08010454491458269,-0.6295768719683623,1.3494085859430296
T70A,-3.8,-9.689039055527651,4.313130532498042,-5.129083221079796,2.6105312057455867,0.3158691695690468,2.4592982342670577,2.1140116689625423,0.7954066832174055,1.586191633835851,1.886957167895957,-0.7737182081961104,-0.5168060358919182,-2.0935853592054183,-0.7456362360122025,0.8126366906213454,-0.8414833245890827,-0.5846544166112283,-0.9806535663050867,-1.2445444185890258,-2.0963140665415425,0.2687193894480637,-0.5884114284502332,1.4955013431258408,-1.4533436163140714,0.7330012876461512,-0.27778519151517933,-0.6158864759079823,0.6868931124818746,0.20317618936478557,0.17818521390797143
T70V,-3.6,-19.11267106876169,-6.437111448479548,5.276977709821462,4.510007741406478,0.9859102257679138,-0.9557285516077981,0.014421939402276618,0.08003472062697821,-1.1309393652929054,0.48199860426670166,0.76766887698995,-0.7294316462594848,-3.4209333475840227,0.2300906214095323,1.027540354770663,-1.434242063843739,-0.25214926082500067,-1.482501856795793,-1.241522677169896,-2.6751930024469264,1.455820526527564,-1.5502861088414146,1.3662131205111636,-2.414583996605467,1.2342916584997226,0.5395593594650141,0.6489150881573358,0.9878296233388034,0.046025051165458436,-0.2630803636735023
T88A,-6.2,-9.522596437744255,3.6260738534410235,-5.102626998744912,2.482638609553751,0.6800051714107187,2.0724358558816043,1.9045681000814174,0.2793009256870702,1.0138157408493103,2.101406873827843,-1.3710994336896358,-0.22758021140288612,-1.106463987314819,0.2093198841366922,0.756185350454496,-0.2734456452110853,-0.3872545577856357,-1.6020193400996101,-1.1557839306255062,0.0677820674031918,-0.6423322399958543,-0.9201153250476435,1.3454354989462343,-1.522775094142697,0.472683609336394,-0.2255554201826589,-1.1391647977487926,-1.347555707202441,-0.4624965467071131,0.2548513271342987
T88V,-2.9,-19.018492587913954,-6.577171025706651,5.112275747035842,4.087245455230582,1.8682635651906263,-1.475815220645725,-0.3180930667354811,-0.5326314194779854,-1.8723855731800263,1.503259847127987,-1.3887292470432009,0.8455230507212997,-2.2801616846975534,0.44883016789364377,1.1969666753925838,-0.3184656786205113,-1.456614481930413,-1.366442885463842,-1.1762270223871545,-0.13798232482791975,-0.9885566142237313,-0.5707524479767437,1.2790260063513792,-1.3449712166416299,0.32998339054959736,-0.8858086708643647,-0.3747722906459534,-2.6808936312451697,-0.39339911731352356,0.9778625255886314
V118A,-1.1,7.732922614054733,8.01321946615926,-7.633534326020749,-0.8854088443031819,-1.685783116749083,2.539385823876344,1.5301537973091885,0.544423870183507,2.2428082740444513,-0.5868073342180262,-1.234030466497103,-1.1678125751594992,0.43496220119268203,0.4469084625961826,-0.7166156007925002,0.47442478073225985,0.729404771677041,0.31896295547785897,-0.3569446066003537,-0.3233285837597632,0.49383150458508096,0.38924945604404704,0.3173559822909287,-0.8037528344082654,-0.11717319686590988,-0.14937452492551503,-0.27987073715894395,-0.14174638361188652,0.533897683029211,-0.5344238121482386
V118F,-6.9,1.411199017934379,-14.996286439914318,0.8449279787773251,-5.417386901909567,-4.2061496702396735,-0.9767812663280988,1.5874080464187634,0.09447286648931497,-2.752450598157565,1.5245373730952687,0.34339802776769496,-3.5956402168907777,1.6662244798201304,-6.853314080395051,-1.2225231396070406,3.2145576842856687,-1.4967325176830757,3.1243574714307956,-2.908767596121387,7.358701100670234,1.6297796037675465,-2.5413595076041267,4.854583709660107,3.3402648924294085,2.622722499913944,-2.172725784701676,-0.9553221227043985,1.8027671569791657,-2.406050674421282,0.8438975872621441
V118T,-1.2,15.067783185075985,1.537398648938238,1.5647576418043303,-2.305187057192916,-2.9883645216214485,-0.9378924677851646,-1.9802248578784225,-0.2799902644583663,0.05785372818308503,-3.84075721695383,-0.5655505233085507,-0.8194291845187347,2.3143741644505416,2.1116233058026124,-0.31104973390697843,0.568623785209762,2.0617408091951517,2.251306569826363,0.67361372898137,1.228106757783486,0.7382839438589335,0.6471777636753224,0.3029761233597969,-1.6653183559310203,-0.4937494008572367,1.0095588080760458,0.4346576145036179,0.17625053350404846,0.3540214593678604,-1.1540703068388276
V128A,2.2,7.484566506856064,8.528629876947244,-7.132745956205888,-0.8594261835121524,-1.3516489192885806,2.551639718869339,2.0680855896184105,0.14117630122186223,1.3664761868021187,0.4997228351405978,-1.8412200243804682,0.3134505642361953,0.7044537355079914,-0.5360623141173392,0.49902898502939497,1.1630318723830861,-0.5778573652069683,-0.5230640601388584,0.04849579095109873,-0.2971779240251162,0.7061018779206819,-0.018679586041615844,-0.15342911240330093,-0.6977636258739535,-1.4574861841539442,-1.8759917849307908,1.0293154117866685,0.5816358822539263,0.5930820920327354,1.0086233781111358
V128D,0.7,26.12978886470062,0.455253022862217,-4.361190953119544,-6.729584611028821,-6.635616247218637,-3.9069079737250623,2.310726409530829,2.4397811097940103,-8.341313417415863,2.0409725883380436,-1.475236450856654,5.378923120356197,0.7590020160216825,0.5955992484077988,1.7213268791149678,0.13589465719458124,0.3391465838902486,-2.880194851003662,0.00019191617153745035,-2.1312902752046607,1.7206028165169056,-0.4848491196414058,0.16842969735873942,-0.8421825846976355,1.1335144666157937,-2.780880116630722,4.686293778340914,-1.328098191351368,3.8571901889789526,-0.6657148815716998
V128F,-0.2,1.8834153642583844,-16.82584897940556,1.6082251450079978,-9.87479882399045,-0.6508166916094229,10.285420193768791,-8.054835303043376,1.8176042977097422,-0.18584452454187517,4.178477805809364,1.2015696803483744,5.559899589396064,0.7711257479792059,7.1106013517652995,-2.840991376428653,-0.28775295881234614,-0.5020612745230995,-0.1480827592108242,2.6002503231465717,-1.9763479646714,-0.48733560482571425,-2.0015818382512665,-1.4798638628732894,-0.9656300007690554,2.343396076154219,-1.335659030734321,-0.35224428643485955,1.5396905857612542,-2.1627659268167503,0.11490722139027856
V128G,2.0,15.564941030885143,16.18562076403428,5.308648165957034,2.0181454344812964,-3.297974860545541,1.3267620080437057,2.3652222668433165,-1.1892655501988851,0.17579200791421198,2.1686889601063624,-1.3165581946955298,0.03931420975052468,-0.1862120296116891,-1.9844272832585608,0.2535803878753575,1.34976438623347,-0.14887390919894153,-0.23134918440707694,0.21310823057270928,-1.0604866517962963,0.9648125178809897,-0.8248428561376374,0.020876600740741588,-0.5274096107188003,-3.1095645250667117,-2.946124567226775,1.309351985299202,0.06856566021702393,1.1975312795639148,1.378777473933697
V128I,3.6,-4.151125937656971,-9.190683936427765,4.7075854086841495,-0.011295367928834926,-6.848616036452749,1.3379631021577694,-1.0669357135329673,0.8222446525842431,0.495285886071368,-1.0006084846044332,-2.665114164653777,0.9024831128398867,-0.1561797711859732,-0.8106749296055737,-0.4500946463070258,0.3891265142603089,0.14215938642195003,0.17359234661822462,-0.804981378182905,1.0249220810090043,-0.0747341058404378,0.20767961347416167,-0.2077643926069748,-1.924343778673852,0.9387281105386397,0.46605771991800204,-1.9657469721314003,-0.381630471875717,0.3617594805937498,-0.3853377389581082
V128L,0.3,-0.9729226490375061,-6.523507639813403,-1.0903817873798896,-0.754339415970585,-1.8743809138986407,-0.29092425373322517,-0.45860102812676895,0.15752303362186146,0.6658228879263662,1.998577843671654,0.9102895590375798,0.3897649823688663,0.6130235949681516,-1.8465104445222165,-0.4219339407131028,-2.95532080173241,3.4525954009634066,0.15071346495241913,0.660052001993663,1.9966290162084073,-0.16867159301083354,-1.0557269582425526,-1.680567860567453,-0.018146062202364435,0.739248889891953,-0.07080428307341971,-0.6006337038154942,-0.5118264697289974,0.8108911966667836,-0.31133220917358767
V128M,2.2,2.9320601058703173,-8.998434004732546,-3.6960422280926544,-4.128882400450733,-1.3399135549751773,4.800697553267029,-2.967693415068328,-0.7492628702444691,2.424259460706127,4.907911607640625,1.8423309194044004,1.3724221856300711,1.8046238204912999,1.5225523386310431,-0.7902565295134446,-1.460734264417449,0.623737004745536,-2.91450781739474,-0.7513116294767415,0.35452527375518383,1.6628985257294184,2.256770576972259,-0.8775489157581101,-1.133339739955681,-1.1686123964608397,-0.3257670236677299,0.6317046769938172,0.10395069605247076,-2.742423261654801,0.5770767677329788
V128N,0.3,23.257975992917718,-1.2344666942301872,-0.04395669119348325,1.9751568252700238,-3.815674219975212,-4.290831828590582,6.179022247170202,3.193436025323892,-2.1536925972068848,2.218958569622568,-0.8905055002542451,0.9305556064181517,2.6442267474666927,-1.3115361952614761,3.1145177545068474,0.5367408767328131,-0.5997594605361591,-1.7536221557256066,1.1513156576486303,-0.4945553380295772,1.7997972680796384,-1.8027953452682774,-1.1796424179673999,0.5818631358790125,-1.3353257650276422,-1.6209132641589454,0.40213944997726886,0.37080517410934916,-0.40318323819886454,1.956783824910053
V128R,3.7,25.58790407964635,-22.99213347751054,-4.574446873757702,16.057852849411432,-3.41438576497265,-6.315453498253222,15.604400153928937,4.075472047051974,-6.555416985553579,9.63873690302835,-1.6571837747008542,2.4823334108528776,0.8728438475802737,2.183494756624029,3.133180344901441,2.331014387034427,2.0819462216971516,0.7861606254270935,0.5694942353299125,-0.6021965452423877,-0.3411108844438062,1.3874002545086201,-0.890588381704698,1.4175622503606242,0.04989835536486392,3.4035436499203082,-1.028686626856254,-0.45794172176460257,-2.0955169742044064,-1.6238887937494753
V128Y,-0.6,13.895494697157456,-21.261511775707607,7.758363784316726,-7.219572930194841,2.7592175572441544,7.106528087589364,1.5120658787584003,3.4253902944941133,-1.1969827673381919,3.031434640686566,-2.2918391612479185,5.219913325143734,-1.1048704140546803,6.7546887273836145,-0.06780387752521219,-1.361708299957137,-0.4508306256375884,-1.604464732349388,0.7844226692451968,1.6148971618431052,0.534164876549017,-2.0528553985273454,-0.8846718838099245,0.5695965356628453,1.2282837031249103,-0.07790133349462983,-1.1836094397144765,3.2756737479660876,-2.0220959929806597,0.658966971545567
V139A,-6.0,6.928903630202456,7.93138715719176,-6.4668490598506745,-0.7473739184786523,-1.1472763140878621,2.811392200144465,1.480330615308807,-0.47572681467463135,2.6059311020154716,-0.06473824069091662,-1.9641197242464503,-0.31840654963519127,0.6867204983210657,-0.4784489502717603,-0.29118653262956,1.0493758045933816,0.3179779015840888,0.0540316721628472,-0.3830073452078486,-0.14895147719795476,0.40093317361327413,1.1893461673970414,0.029666307702446028,-0.7014977946165859,0.43903624508248196,-1.1572459029956639,-0.3712955983958595,0.3868962589543573,0.7891169262168605,-0.2801151325403426
V143A,-5.5,4.918103073934603,5.407489404684258,-4.317138478057018,-0.37576021809810184,-0.6156411093748873,1.7981668833665274,0.9485855212082936,-0.6790655814762868,1.2142499978001398,0.43463215010893175,-2.02218396581653,0.7341818232917362,0.4255561698604664,-1.164474183844744,-0.19753988568054695,0.8243853006414689,-0.6573629538604656,-0.07732130892108491,-0.1308260360758756,0.8378684322539725,0.4669947913284838,-0.14082747845453691,-0.604114023287275,-1.4064479687217846,-0.13138728287649235,-0.7948621226813,-0.08493358023605428,-0.9451967127543222,0.11383309712823363,0.9845041905813999
V148A,-3.5,2.7544084225132663,2.472225256857883,-1.7751267241133675,0.06308899975960226,-0.7597113651621211,0.9343988928134066,0.09398502912209494,-0.1982812189960553,0.669756416395066,-0.30775482764412393,-1.0807810201688166,-0.10333349976830428,0.050151719423549554,-0.12283093543091905,-0.2580373851360965,0.017208826445131435,0.15951226536395588,0.028733457172590047,0.03064098436519524,0.1644114259806317,0.24842529383438705,0.5087464092481234,0.03515841223740654,-0.5959809166393383,0.5762491942360526,0.13432727412595888,-0.9482493852754292,0.504758925973521,0.32492304187384463,-0.35576209089973565
V20A,-6.3,8.055555016118229,8.514993842557796,-7.755509960578726,-0.2987654957735135,-1.9985107442095582,3.289776614515593,1.6760094433363757,0.070615267011535,2.690662436853724,-0.5149622453724108,-0.3495048778763466,-1.6067172754509245,0.2698141618571415,0.5478620811642975,-0.6504723827435115,0.18910854014373374,0.3878881861384471,-0.6257659435809102,-0.6465058632007934,0.22946742814960427,1.8972225961014428,-1.7144062426479492,0.5982136497335616,-0.992727865900428,0.2546987963926469,1.597974034942233,1.0202098523994216,0.21142070781172684,0.06371458086482046,-0.3728147194836805
V20F,-3.6,1.0193346627161184,-15.756127663668815,1.8433471398051553,-10.33862789200338,-2.941637514808209,3.0599819746554098,-3.4482457831224465,-0.17289763928804533,2.4698185757575413,5.535877277947493,-1.7094530021480194,1.1078723379669426,0.7390546654866601,1.2388609401971582,3.0909074293300645,-1.1011304459132358,-0.8715851533309971,7.05242984054992,0.6883308408746627,-3.817335135281214,0.4765806789988898,0.18871140861771438,3.476409406147097,2.9101980917148587,-2.0617670647187003,0.7414596037488527,-0.14638640268811615,-1.97936193041076,0.776571832225838,-0.5564216431906592
V20G,-9.6,16.529935923865654,15.934467773483567,4.768592397443539,2.562111731366326,-4.602864616750405,3.2372642516263004,1.042805297270334,-1.247441599058357,1.5296004220982906,-0.11861232536203102,1.4458413007737356,-2.439406708005367,-0.9952919724660562,0.822357487200706,-2.14733909087286,0.43933797659628165,1.3003096763318385,-0.9814664433725472,-0.23897790109911243,-0.3142605118542234,2.4941766882970255,-3.141121903185288,1.3143910162520778,-1.705814309584885,0.12655422470037647,2.3895373525836794,1.3431238482987944,0.49603090425002555,-0.14575850550901967,-0.08132946309001252
V20I,4.6,-4.293648108764846,-9.10037228209134,5.006428286246832,-0.19114482158495125,-7.051256245653205,1.1402851600319808,-0.7967924843998263,0.7819899201554322,0.10251106538441183,-0.43727349527001375,-3.3595899453448475,1.6458135721192964,0.18683284029877367,-1.5619589394901605,0.042190953462072626,0.9179759265384292,-0.317495630786883,0.6712495072291922,-0.5510133749867429,0.7540477919074987,-0.4866433826853662,1.127391475931398,-0.40552595924146134,-1.580140815425231,-0.2628127036421439,-1.1538917862507618,-2.1206815017509943,-0.6574061392733481,0.6093089562408366,0.15662616804809223
V20L,-0.2,-1.2252343597739246,-6.211718888273524,-1.3988261262004131,-1.102965109032944,-1.6923076641522787,-0.24789119414361377,-0.42090782838903634,0.14565655091327878,0.7800821235315898,1.9322414301198114,0.7592020348422577,0.5332081572171569,0.7383779234658876,-2.176435025405039,-0.19029140338634637,-3.1560804815438446,3.1062949766533494,0.3383368341780292,0.7574648417018706,2.159300416271718,-0.4892767644035578,-0.28024015975165406,-1.9736782339208778,0.2035601161081347,0.09066289816579894,-1.244545401720436,-0.5568884071032157,-0.49749622016197936,1.4212865872897895,-0.21902352775560638
V20M,-1.3,2.8320495659861153,-8.353182043592689,-3.933016884035391,-4.423497569158281,-2.4375943604442094,2.5945518315852034,-1.4328216419320268,-1.5088286103209099,3.908192994632933,4.389478137980163,1.7184049746726007,-0.9937536199693363,1.6010601635071722,-0.5382370494052692,1.0255842089422875,-2.4212795442814428,0.5694148984581601,0.3423103334409956,-1.8783012917361988,-0.6004117692189549,2.1075111147889123,2.789367142120759,1.393650751330242,0.3925764349878775,-2.574648135694882,0.9569739071196668,0.7561325977309841,-1.447073914553665,-1.0056481864479425,-0.025368884517435724
V20N,-5.6,22.876386189365693,0.39253622303787855,-0.6425901184291207,2.2993745536577337,-6.438063739741053,0.11653623483688293,1.0570622184788843,1.4354447223551932,0.5504086321532122,-4.543022709317377,5.529490966439697,-3.6691248612392324,0.6328189189501643,2.2222184434629777,-0.3974028764742417,-2.5688973333112117,-0.6354513087600187,-1.7221895712389697,1.4642070495907011,0.5313823871929902,1.5890566890707105,-2.3343678095916744,0.2012408320374628,-1.0569273580304699,1.5483377059784975,-0.08245393495765692,1.0282073529115785,0.0422426338286585,0.5899744099087866,1.3422676120174533
V20R,-1.6,23.179196708756372,-18.886692697285607,-5.042127983889787,14.939899710013043,-7.19565608226179,2.3200474036663508,5.30455439868033,-0.08865373297234207,-2.200211751313561,-4.149681353853408,9.819242958613989,-4.458628744880752,-4.179948041168639,5.4959113700935145,-3.110948583755488,-4.394052409718206,-0.8400341781834925,2.5146942921594198,1.3274336932687048,1.3487857552127882,-3.618057480425624,3.872889437718223,0.054061922014174486,-1.5468754527078619,0.6261425626973742,-2.577583959742827,-2.5671752912446295,-0.9115668543372217,0.7966568769398593,1.3895959921266874
V20S,-5.9,19.875166781531046,6.125652281352131,1.584627777290143,-0.06976526960722898,-3.4986032702953582,2.303820266286879,1.6982923000158052,-0.6110926829819516,2.1439184187112543,-2.0937235880124274,2.822334377616933,-3.3635948754419616,0.03476767157080895,2.3979712282664316,-0.3182676563965724,-1.0946015628830046,-1.776133212131166,-1.517901338681445,-1.2760930121504672,0.7929670879739077,3.1438012728303786,-1.2390983180979191,1.1563476538010449,-0.9960786153990393,0.2930280367044015,1.6303743588515418,1.151567417973227,0.773513755680669,0.7339201898292669,-0.4716272969924459
V20Y,-1.5,11.777987067436834,-18.693563051451363,7.706019257545528,-7.5350996101742265,-1.2060638921306603,4.034814238878828,1.2401941345899705,-0.3885870349011469,1.8297855922689423,0.14543329760821033,-0.3906127899378055,-0.7037329481020206,-2.4992326129814213,3.8442007622714645,3.277563599227719,-3.6483765181116383,-0.8432968802619456,5.200540917603348,0.3659712368555563,0.4944500531522064,0.15023934522434115,0.22946668694852834,3.6692889973274743,2.898409620810801,-1.7944705842039006,0.012219860757737143,0.4102294579962622,-0.5420787411946877,1.9466072760442323,0.7788505886189009
V92A,-1.5,7.219154069063754,6.7258976982782634,-7.099548701703757,-0.4061570369546491,-1.620270695282908,2.2590782635734197,0.47324684802436723,0.6622847408251059,1.5135567210036647,0.05903004505903065,-1.0534176939211661,0.6755601321341562,0.1781216698071601,-1.3797925924909904,0.18629756274849835,-0.4727518863381225,-0.5872918248833615,-0.04012681678462576,0.3324871728157021,1.3206497142767273,-0.9121087092864384,-1.0368160416763028,-0.3177442363359671,-0.10440256342344509,-0.08589508682508247,1.6457188784846397,-1.2192253339355312,-1.147265922811145,-0.5814441662347893,-0.3165835003403923
V92D,-1.8,24.076261264449137,1.377960226724988,-3.9425116641488356,-7.427420971189165,-6.3837445610452725,-1.5132784971231057,-4.712538818409428,0.16114671043998843,-2.827321788315835,-3.2078604183655752,-0.968469622293161,2.767401448807103,-3.2795649948189185,-4.46565330072687,1.2628598623794622,-0.7123964149054628,0.09102142286103689,-3.20017373513007,0.5674839338847275,-0.7078972471849264,-2.4140955700935978,0.12241687978783154,0.7403102150561113,1.4264484560541437,2.11777504581772,1.559735694064621,0.7626976930114296,-1.4145147524306962,-0.6097641888078803,-0.6926206419147104
V92F,-1.2,1.0201966357638403,-13.943502480107911,1.4634458433249762,-8.27132189081412,-5.403419033163192,-4.2870907203618165,6.659111754999733,-8.781492108001524,2.3501520379330367,-0.5699256722446879,-3.08233744338791,-3.645714220370539,3.3432556094223047,-1.754069141689596,-2.240195156678782,-1.3847309761801738,-0.414844046552291,-0.709934922542184,0.012630575724673772,-5.012117680163948,-4.700046394514522,-1.5856706774444225,-0.8588851728641523,0.5342557105779283,0.08220506756215568,0.6919870386181988,-0.9851674569373587,2.6085318816004714,0.22280105228606642,0.12283099493259077
V92G,-0.9,15.19254283534818,13.316980722404367,5.0988241122219,2.342770777417605,-3.282345146432321,2.761414183738865,-1.6797153125190598,0.3335824261618447,0.5792424412235023,1.8209246814834343,0.21817066899894974,1.6333303708892593,-1.429529905514083,-2.7192547246380765,0.009677692094088381,-0.9794458485693712,-0.7333898680444714,0.09021918676808956,1.112615087137494,1.7659444178765822,-1.7952971804434894,-2.2231238347034568,-0.2026736305905417,0.44926787124822554,-0.05101320980426694,2.5031342561150893,-1.6009547608164385,-2.371588368986606,-1.2032274053636802,-0.4614491301096341
V92I,1.9,-4.073489009236833,-8.230647877325607,4.815733768520643,-0.04795898329478236,-6.833290567931017,1.1034083931239083,-0.11154965483006765,0.5701275389546008,0.31719039916357294,-1.1264390277221041,-2.9628104760278497,0.4145959967210578,0.2527167373013457,-0.5344999935669387,-0.526158016371047,1.429285785256768,0.29595266628795147,0.13071912188312196,-0.7945579965360813,-0.2945902319704081,0.6465507984662727,0.5954296149086071,-0.23971536679246688,-1.8066856383624628,0.23550963027009386,-1.3074283690504596,-0.8895693672787865,0.34415327653120775,1.1623595024994704,0.171877066091193
V92L,0.8,-1.1491915750994233,-5.410340542198466,-0.9258518907732656,-1.1345395218224525,-1.4990553648656604,-0.052595973422423295,-0.5993325302851735,-0.3473539338950817,1.2026714600978938,1.513646227910521,0.41655974807307183,-0.1100384893858622,0.6487396064681119,-2.014835038277247,-0.40554615908050246,-2.1676145093057464,3.1596165573015638,-0.23062465077106264,0.2381316587585909,1.3135209671010308,0.37828167792137574,-0.19887906215968532,-1.6274959073943043,-0.12137887527842658,0.24928715295199708,-1.2968060202982354,0.42492135421969707,0.37035498626479807,1.3900705131128768,-0.17242103772471043
V92M,2.7,2.4541194794709735,-7.645238155246882,-3.6376609016551944,-3.6860062791640686,-2.729044274668463,-0.5818228634941413,2.0055944075826373,-4.208066787309874,3.2239616307330436,2.089274096838106,0.46909769657964834,-2.041696940673524,2.0988681332958388,-2.3202684266587377,-1.026302908835395,-2.123796753505647,0.7398733348569603,-2.0711005788214774,-1.0827119494916304,-1.1740861966855844,-0.8277571185943484,1.5547175493531276,-0.8228047423938929,0.13758449818469826,-1.4246252776803174,0.5645078773292487,-0.09910095989130892,0.1019951756054253,-0.9388858484450749,0.26670382787617336
V92N,-1.4,21.419549022315916,-0.2593921315962902,0.0662004236274545,0.7875983636843156,-2.9344864989086066,1.687892516218409,-5.373903308416024,3.180622611989492,1.9725116221232768,-1.9174439589519947,0.40700034710306066,1.0245925202436477,-1.5523987947182165,-4.348813002868896,1.4322943757169222,0.08263476238737463,-1.2649079851952951,-1.933070963980428,1.6811769202885412,-0.08886133020862873,-0.7086983875145907,-1.0653855170550677,-1.5455234111082121,1.8723400199136337,1.4814991621664872,0.23932946383221945,0.4637455463366445,-1.4620012363437922,-0.5592096563642596,0.1885516581934352
V92R,-0.3,21.45360323953354,-16.68455292766129,-3.6549538628618548,11.045962813684966,-0.7141531255367548,6.148343164972012,-6.660556716616822,2.1615399469579417,3.647892446878271,-1.6957338595901468,-0.39924214778138223,0.17203049367207232,-7.496076396126272,-4.594386138360948,-0.18431910342312616,3.934991016065762,1.0477146266320034,-0.6150194109449919,0.7114592389675144,-2.874870220443972,-1.7809581158305896,4.491787321897317,-0.4871865942950732,2.733369443498664,1.4923227871455123,-1.518642656400192,1.7898752121891965,0.9148290925458253,-1.081867852081091,-1.3329887433910106
V92S,-1.6,18.712837979112386,4.444778626185288,2.1384316312059455,-0.6484198309272171,-1.1350801107843749,2.0429199159274987,-1.8940096102754846,0.7893707855204688,1.9946253540462822,-0.36110216668882555,-0.5011538966562384,0.7869269100175376,-1.1885914156102542,-3.1258242939775474,0.467210430981283,-0.20155450553255216,-2.5012843731518477,-1.8693075844058165,0.12241288504646818,1.1106146975200357,-0.7195436491634969,-0.6414862904002603,-1.0466520985423602,1.3409527992814303,0.012110783214390346,1.9492946257570767,-1.2579397064665852,-1.379994219110311,-0.23823619923035483,-0.6708210924060928
V92Y,-1.0,11.551231532158026,-16.981123691127717,7.448001256620862,-6.798664028403387,-0.5860059363243416,-0.29429143937305857,5.1235851866616136,-5.517498787657051,3.1024525103112386,-3.0625448349412756,-4.504924023470258,-2.5076123356847786,-2.082987185311996,-2.3195145404069475,-1.0328726865353455,-1.0911844788203389,0.3383883024836252,-1.9961083135678641,-0.20604711209538712,-2.5046376049312085,-3.5623368213351236,-0.8668382417491839,-0.8041620180759292,2.4282027324318998,-0.3665586423167627,0.20729266294629775,0.4093648203229473,2.3648856774908262,1.3519390444863868,1.0084799237980036
V111A,-3.1,7.4923602744139455,7.737839221848245,-7.5876471502494836,-0.862223211220334,-1.6436346234082388,2.7273666425277163,1.3229091375101634,0.3759341741968173,2.0284663971387347,-0.3000231569466834,-0.9618982126349895,-0.5721106105207764,0.5717283965448341,0.2766867141144629,-0.5043643780020285,0.29816621576733865,0.6625210686763103,0.04195673425830941,-0.5517112060864442,0.17474621681520838,0.5938602282479839,-0.15332496244897378,0.5294066356472722,-0.018687723813669788,0.37012014600610793,0.6453274836443365,-0.7600245959802027,1.004894560130849,0.19086850849727383,-0.7303727301135873
V111T,-2.8,14.859323352514357,1.435787106630442,1.7203491518039562,-1.9031776905892106,-3.231460844855204,-1.2920755105187558,-1.5432250949854318,0.5734949406727585,-0.2881807292374867,-3.177104506744355,-0.2938013985771058,-0.9026406608445683,1.2145790699665548,0.9484995165232994,-0.3694584078169196,1.0325835958824885,1.6896898069686808,1.4247092758570843,0.6106514219085929,0.5807078943870991,1.1215455738856372,0.8382779758644683,-0.22176736646607045,0.49334883663684925,-0.5282158945120626,0.6278834206497794,0.19037448454682168,2.6042318129957933,-0.5263548937856944,-2.0821242490689107
V117A,-4.1,7.763095569901361,8.135497465848742,-7.715971372055229,-0.8197405585672372,-1.818950569205413,2.5681851626537484,1.1559065351823952,0.7914728646391597,2.2258846104800236,-0.538083756067134,-1.4908209015425022,-0.9293598719597256,0.5078415091694456,0.08164970607496509,-1.0131846465665373,0.6124371377992363,-0.09134129647796037,0.10268805780605518,-0.6374690905011156,0.6452197640210909,0.3522386262152805,-1.13006935951506,-0.06429912255718614,0.19443979398443217,-0.44561407449509666,1.2522560027533505,0.38813374739352846,-1.434099732304199,-0.04145197303037254,-0.8060408981376943
V117T,-2.1,15.171945124605195,1.5765012165711676,1.540346212815533,-2.188945305815669,-3.371699695810083,-0.9126098660033649,-2.315398961744176,1.0506075683377047,0.4415535106449674,-4.424598675104681,0.12738242549617682,-1.4224436667551397,1.2979007886008909,1.7402263646528133,-1.3930370160131822,0.9651957012493,0.4713843183788349,1.7199801451267704,0.4833608487312005,2.26448222122295,-0.8239112715280413,0.5995535901769459,-1.0275481611413633,1.0647938437056508,-1.2352761737433346,0.9213997979901525,2.1051079398635824,-1.6322678859584405,0.2059951445676268,-1.2792064816932192
Y142F,-1.5,-11.325190792028938,0.32462633180032147,-2.1257800605463557,1.4373707335483015,-5.1723111018613155,-3.036573179930608,-3.902826897194656,-0.9782096657130402,-0.404769005538599,1.0233236436232962,2.882806877940754,0.10618317540035524,-3.1222335940247365,-2.624277866736598,1.2223829150097425,1.2207467625322104,-1.8186692902372306,2.0750317172196544,2.6957831907220116,-2.7110561264379562,4.895555474936312,0.5186624215228255,-1.6091348659035547,0.7483349116402686,0.886314742694197,1.4428292798726712,-0.7459827733602729,1.5220319546004093,0.8210615667264014,3.7097743478152663
Y38F,-2.1,-13.400464988932763,0.5985661985102781,-3.0395978377396693,1.2973278900254492,-6.449676813565277,-4.626160302398821,-0.5275289341184146,1.1309806180934299,-2.1402456308208153,1.857255180885516,4.7699924290351925,-1.2283838875555069,-0.31719399408000004,-1.1551889692731874,-2.0318165651704283,2.2410447975584615,-2.8630159172500904,0.9794912644563929,1.4633347841273436,0.4984961658761266,1.6299596222731068,-1.1267563018165019,-0.5045436728538907,-0.07998184744210617,-0.7071960358684692,-2.3148517616263034,1.6893865109573127,2.191466939444469,-1.947223027883832,-1.6269108931456435
Y56A,-10.4,-7.458200727625999,24.093323406477847,-11.698944588758536,8.808389337755417,-3.0342463350097866,0.7249342966241457,-6.335379561403609,4.7539276572183224,-2.1661065878421275,1.2817510861906731,0.7681989746207887,2.624963152142872,4.289898228261617,0.6976715605947511,-0.5219019539743499,-0.27409690792768027,0.6724047870121295,-0.7399781267849396,-3.329092439114085,0.2427404906264954,-2.331154833338464,0.9511169022911714,1.2264911878828737,1.091078918590433,-1.134682864379156,1.3263414852222435,-1.3210341564748165,2.676665718908901,2.057357993532502,0.4223045497799677
Y56F,-0.8,-13.302704032318449,0.6790198527008171,-2.889288997309014,-0.943047065188153,-5.001306194307561,-4.555132038823767,-2.287112939410803,-2.426438839389367,-1.3322589802616724,2.5571770482075986,0.4081811829092099,-0.8158061926454685,0.8605317206294374,-2.201397200308573,-1.6544948398686796,1.3021039478531597,-1.1028046133632434,2.362657808514274,2.921898532820449,-3.6783434353235025,1.68408723443349,-0.5397853158383118,-1.1080750373322934,-2.8753362467224144,-0.735985477074672,2.2312310812061935,-2.3161031580700038,-0.09118990610219495,-0.3557729831746234,-2.058556399043558
Y56G,-9.7,0.6057587201507004,31.262360540652313,0.7659177597350473,11.787038928068206,-4.894244056622592,0.7632897987103574,-8.234582049238455,4.2367237608135015,-3.1584170306349524,2.9032555572493757,1.9521802523340626,3.1232282875896185,3.827549238657335,0.5814898569189526,-0.733635455425695,-0.7074750546960195,1.0610125385480877,-0.8658633854397338,-3.6851875732815857,-0.05278770415605682,-3.4147158309811827,0.31003120236178694,1.9273150370178704,2.0165187994626854,-1.804188902528499,1.2979337951973993,-1.6762792987991408,3.122763744291623,2.3166232584840336,0.9900003726338017
Y63F,0.3,-13.500928230809658,1.3662840002983376,-2.8591361140955827,0.45376154955407344,-6.940857266396271,-3.6695945396962353,-1.909097152891432,-4.19465634680799,-0.7476003443595003,-0.1439784220766135,4.356986846661067,0.32195901582369735,2.10511921168475,1.6346520002565614,-1.3146651572477153,1.3591224973608371,-1.881468759587904,0.37661608786412987,2.446070735192578,0.348919258581938,0.02410514366927943,0.438270343841282,-0.7852707470564141,0.2449645889533163,1.4349809603195371,-0.01092959368807563,0.006985743529083347,-0.9259543362867669,0.40919100846837675,1.3527842269915333
Y72F,-4.0,-14.151347239677044,1.745511007896112,-2.4917657441828176,0.7350703168731338,-7.253659013054379,-4.426724801606296,-1.1198667008523577,-4.633257068498548,-1.3002543939899396,0.003620538469876884,3.0110459459332732,-0.7861715993753728,5.978576169314508,0.6324997429134573,-0.5040202875019506,0.24491355004336088,0.40279357959450496,2.0317221191927013,-3.4079553597515115,-1.0666250747643995,-3.4819000516794048,-1.57807963369668,2.126042531469354,0.011831652572189105,2.806709500743108,-1.752745149866701,1.8857803065510135,-0.36164100401959876,-3.0775607994947882,0.06355955650045116
Y81F,-1.0,-13.236634366810495,0.5391683214893013,-2.470212752862811,-0.826567964339304,-4.259634635537778,-0.4059281201359569,-5.090241067884861,-1.7186510941814708,-2.6396695258166596,2.3414219786759203,1.2637693201118958,-0.633152221352222,1.5295448775695033,-0.46973479104814414,-2.5162756003540343,2.612202400015542,-1.3303237014962055,0.1858455080824572,3.4155245372407586,-2.2064554586817735,-0.5818550901099415,-0.23041507448253973,-1.2061709040430748,0.1863258507775457,-0.6701537082291812,-0.9531925422652556,-0.025932110593710492,-0.6909628161413441,-0.3620463130947088,-1.5251956235702366
