"AASA10K0","AASA8Mw","AASA10Mw","AASA1Ca","AASA2ASAD","AASA6ASAD","AASA10ASAD","AASA10DHh","AASA10V","stability"
944.877037857143,17119.5492957746,17009.6,1100.40939597315,23214.8454054054,23175.7999305556,23300.2812142857,22.4038835714286,15.7071428571429,0
942.725355000001,17015.0422535211,16888,1087.12080536913,23010.6616216216,22992.4665972222,23076.7612142857,22.2421735714286,15.4214285714286,-5.4
942.576232857144,16985.7464788732,16835.3428571429,1090.11409395973,23009.3521621622,22944.6471527778,23074.3633571429,21.861285,15.1928571428571,-5.3
941.482960714286,16970.6056338028,16840.5285714286,1089.77852348993,22989.8672972973,22998.3445138889,23037.2365,22.19088,15.3071428571429,-4.7
941.773789285715,16943.3521126761,16886.1714285714,1087.34228187919,22966.0193243243,22930.2432638889,23131.7185,22.2836942857143,15.5571428571429,-4.7
941.736140714286,17045.6056338028,16901,1095.07382550336,23070.5309459459,23056.5354861111,23139.2332142857,22.208775,15.3642857142857,-4.6
945.157537857144,17035.2394366197,16963.1928571429,1090.11409395973,23119.7891891892,23068.0307638889,23265.0697857143,22.3163635714286,15.6642857142857,-4.5
941.156432142858,16970.7605633803,16905.3714285714,1090.11409395973,23036.1305405405,22999.4332638889,23179.2140714286,22.3093785714286,15.5785714285714,-4.1
942.887875000001,17032.3943661972,16891.2,1090.07382550336,23004.2994594595,22994.2999305556,23091.9097857143,22.2181892857143,15.3928571428571,-3.9
941.002812142858,17017.9154929577,16906.5142857143,1097.42953020134,23137.3716216216,23118.3032638889,23228.1093571429,22.1360978571429,15.4285714285714,-3.9
942.050140714287,17041.1690140845,16918.4,1091.34899328859,23081.6618918919,23056.2165972222,23154.4852142857,22.3034035714286,15.4928571428571,-3.6
941.522605000001,17025.0422535211,16898.0285714286,1099.08053691275,23140.2297297297,23112.4870138889,23218.3803571429,22.0572407142857,15.3857142857143,-3.6
942.823977142858,17018.2253521127,16922.2285714286,1091.14765100671,23099.612972973,23068.9249305556,23164.5397857143,22.20569,15.5142857142857,-3.4
941.459467857144,17035.8873239437,16908.7142857143,1096.70469798658,23170.0112162162,23111.6840972222,23225.3296428572,22.1400407142857,15.45,-3.2
942.182926428572,16994.9718309859,16862.5285714286,1097.53020134228,23059.2637837838,23043.7857638889,23129.5092142857,21.9396835714286,15.2785714285714,-3.1
947.049380714286,17174.5633802817,17053.8,1106.1677852349,23278.0383783784,23270.0913888889,23376.8322142857,22.4460035714286,15.7785714285714,-2.9
941.765455000001,16985.5774647887,16873.7142857143,1093.95302013423,23053.3043243243,23055.9132638889,23149.7952142857,22.0452835714286,15.3357142857143,-2.8
942.257380714286,17058.0281690141,16918.1,1091.44966442953,23082.8641891892,23069.2511805556,23143.7842142857,22.273415,15.4714285714286,-2.6
942.683700714286,17002.8169014085,16889.2,1092.38255033557,23036.8071621622,22971.9699305556,23047.3233571429,22.2024335714286,15.3928571428571,-2.6
945.854789285715,17121.8028169014,17011.2857142857,1099.73825503356,23208.9054054054,23170.7411805556,23295.0200714286,22.3268521428572,15.7071428571429,-2.5
940.807746428572,16993.7746478873,16866.8285714286,1092.03355704698,23053.2589189189,23048.3457638889,23111.3540714286,22.2363985714286,15.3642857142857,-2.4
942.095941428572,17050.4647887324,16950.0285714286,1095.46979865772,23161.4745945946,23126.2999305556,23237.4115,22.2584514285714,15.5785714285714,-2.4
942.132217857144,17009.2676056338,16876.6142857143,1092.38255033557,23121.3613513513,23042.1115972222,23143.9992142857,22.0505635714286,15.3642857142857,-2.2
946.863680714286,17149.7464788732,17041.3714285714,1100.40939597315,23227.0904054054,23189.6029861111,23316.1277857143,22.7186478571429,15.7714285714286,-2
942.263660714287,17054.1830985915,16920.8,1093.36241610738,23077.512027027,23057.4124305556,23164.3662142857,22.2885007142857,15.4714285714286,-1.8
939.883477857143,16987.6197183099,16894.0142857143,1094.12751677852,23075.1420945946,23081.1897222222,23164.8779285714,22.172395,15.45,-1.6
945.513466428572,17092.0422535211,16987.5,1097.30872483221,23166.3816216216,23103.4861805556,23241.5729285714,22.3677807142857,15.6714285714286,-1.5
946.625917857143,17202.7042253521,17091.2,1106.86577181208,23290.4275675676,23222.7370138889,23371.2560714286,22.5268035714286,15.8785714285714,-1.5
944.232991428572,17094.9014084507,16983.2,1095.63087248322,23170.5163513513,23130.8992361111,23258.7797857143,22.5010907142857,15.65,-1.4
946.055369285715,17187.1549295775,17056.7428571429,1104.26174496644,23302.7589189189,23270.3513194444,23372.3183571429,22.5882035714286,15.7785714285714,-1.2
946.012975000001,17196.1690140845,17056.2285714286,1102.84563758389,23271.4397297297,23213.6238194444,23332.2553571429,22.45624,15.7714285714286,-1.2
945.745859285715,17092.985915493,16994.9785714286,1094.46979865772,23189.9783783784,23147.6071527778,23291.0697857143,22.4307635714286,15.6928571428571,-1.1
943.107280714286,17195.9014084507,17063.0857142857,1106.34899328859,23276.25,23236.3977083333,23341.8786428572,22.5316464285714,15.7714285714286,-1
945.660252142858,17074.5070422535,16984.8071428571,1094.46979865772,23161.1005405405,23114.8671527778,23280.3726428572,22.3418035714286,15.6857142857143,-0.6
945.168466428572,17062.9577464789,16978.45,1090.90604026846,23128.612972973,23078.0346527778,23268.3383571429,22.3693235714286,15.6785714285714,-0.4
944.601723571429,17157.0704225352,17048.3,1101.64429530201,23248.0574324324,23213.8232638889,23347.4690714286,22.4309692857143,15.7071428571429,-0.2
943.857123571429,17086.6478873239,16992.9142857143,1100.40939597315,23199.6604054054,23161.7553472222,23291.5650714286,22.2392335714286,15.6714285714286,-0.12
943.263677857144,17025.5774647887,16943.7714285714,1095.26174496644,23127.5500675676,23089.6515972222,23241.1445714286,22.3393435714286,15.6214285714286,0
946.123074285715,17176.676056338,17055.2857142857,1104.51677852349,23282.1654054054,23238.2961805556,23365.0876428572,22.5539178571429,15.8071428571429,0
945.355869285715,17139.8591549296,17037.6,1101.42953020134,23253.8775,23209.2808333333,23339.9187142857,22.4225421428572,15.7785714285714,0.3
946.521035000001,17184.9154929577,17098.1,1112.48993288591,23299.3501351351,23290.5582638889,23494.1562142857,22.5146992857143,15.9,0.5
944.850029285715,17079.8309859155,16964.5142857143,1099.45637583893,23203.782972973,23168.5002083333,23289.6237857143,22.2107214285714,15.5928571428571,0.7
