id,stability,8AASAHnc,8AASAam,2AASAam,3AASAac,1AASAam,1AASAHnc,6AASAam,8AASAs,7AASAam,10AASAam,5AASAam,8AASANs,1AASANs,4AASAac,3AASANs,1AASAPb,2AASANs,9AASANs,8AASApHi,1AASAN1
K13D,-6.7,-0.081527868852459,0.937086885245902,0.9578578125,0.948165354330709,0.974084496124031,-0.0702193798449613,0.93881935483871,1.58196721311475,0.948975609756098,0.910319166666667,0.9343104,36.9315737704918,37.1766527131783,0.966949206349206,37.069794488189,0.999629457364341,37.2503421875,37.0203413223141,36.4663713114754,16.8304085271318
I55T,-4.96,0.00910491803278694,0.963160655737705,0.9820296875,0.935797637795276,0.996455813953488,-0.0521279069767442,0.953270967741936,1.41803278688525,0.964571544715448,0.918796666666667,0.9440344,36.7468114754098,36.9917899224806,0.952122222222222,36.8962771653543,0.996183720930233,37.08209609375,36.8319743801653,37.6617516393443,16.7239263565891
C94A,-4.78,0.0188245901639344,0.96227131147541,0.980334375,0.93068188976378,0.994773643410853,-0.0354658914728682,0.954145967741936,1.41803278688525,0.964319512195122,0.921560833333334,0.9442328,36.7515991803279,37.014488372093,0.953701587301587,36.9147015748031,0.997899224806201,37.06710390625,36.8551008264463,37.7865508196722,16.7311992248062
S91Y,-3.07,0.0257311475409836,0.959043442622951,0.9834359375,0.922165354330709,0.993374418604651,-0.0292581395348837,0.951133064516129,1.4672131147541,0.961963414634147,0.921135833333333,0.9412936,37.0724754098361,37.2972550387597,0.939710317460317,37.2082929133858,1.01682015503876,37.34558046875,37.1280570247934,37.6938762295082,16.9122519379845
I55A,-2.77,0.0132786885245902,0.968891803278688,0.9947953125,0.94000157480315,1.0049984496124,-0.0441294573643411,0.965467741935484,1.39344262295082,0.970873983739838,0.934756666666667,0.9546136,36.7719721311476,37.0169620155039,0.955409523809523,36.9198236220472,0.990462790697675,37.10493359375,36.8575611570248,37.6939401639344,16.7121976744186
I55F,-2.46,0.0168295081967214,0.968213114754098,0.99328359375,0.930487401574804,1.00398682170543,-0.0373248062015504,0.964023387096774,1.44262295081967,0.970127642276423,0.932866666666667,0.9533608,36.8317286885246,37.0767457364341,0.947969841269841,36.9757464566929,0.999203100775194,37.15917265625,36.9183297520661,37.6447106557377,16.7542829457364
S91D,-2.31,0.0369573770491803,0.959781147540984,0.9838703125,0.938152755905512,0.994124806201551,-0.0208240310077519,0.951945967741936,1.4672131147541,0.962555284552846,0.9216125,0.9421,36.853768852459,37.1086302325581,0.979660317460317,36.9928708661417,0.998580620155039,37.19469765625,36.9577066115703,37.4110352459017,16.761492248062
I55M,-2.27,0.0134032786885246,0.970777049180328,0.99899453125,0.924292125984252,1.00780852713178,-0.0438906976744186,0.969479838709677,1.39344262295082,0.972947154471545,0.940006666666667,0.9580936,36.8076163934426,37.0526224806202,0.943125396825396,36.9531811023622,0.993958914728682,37.13728671875,36.8938090909091,37.6693254098361,16.7273759689922
T40I,-2.2,0.0358295081967213,0.97002131147541,0.992928125,0.91340157480315,1.00609224806202,-0.0531255813953488,0.963395967741936,1.41803278688525,0.972460162601626,0.931506666666667,0.9554672,37.0783114754099,37.3083325581395,0.934388888888888,37.2083007874016,1.00902403100775,37.41213515625,37.1847595041322,37.721712295082,16.9041124031008
P70N,-2.15,0.00185737704918035,0.974874590163934,1.00511015625,0.913165354330709,1.00614031007752,-0.0380565891472868,0.981195967741936,1.4672131147541,0.977652032520326,0.943906666666667,0.9630808,36.8525827868853,37.1134899224806,0.911660317460317,37.0060992125984,1.00781240310078,37.19034375,36.9559950413223,37.6089491803279,16.8312829457364
G49A,-1.89,0.0160622950819672,0.987409836065574,0.99313046875,0.942943307086615,1.00903023255814,-0.0342751937984496,0.966379838709677,1.41803278688525,0.982275609756098,0.938016666666667,0.9570744,36.9152049180328,37.1611558139535,0.949484126984127,37.0544118110236,1.0034992248062,37.23387578125,37.0011049586777,37.698612295082,16.8067713178295
G117A,-1.46,0.0163491803278689,0.984250819672131,1.00062578125,0.929771653543308,1.01335271317829,-0.0367387596899225,0.964329838709678,1.41803278688525,0.980408943089431,0.944098333333333,0.9667832,36.9130229508197,37.1609767441861,0.956122222222222,37.0515275590551,1.00389612403101,37.232853125,37.0012685950413,37.6999450819672,16.8059248062016
N19K,-1.06,0.0189573770491803,0.978186885245902,1.00208671875,0.919866141732284,1.00596821705426,-0.041531007751938,0.973923387096774,1.38524590163934,0.978088617886179,0.939826666666667,0.9625192,36.9104885245902,37.1556054263566,0.938806349206349,37.0475433070866,1.00036201550388,37.22752421875,36.9959842975207,38.1007950819672,16.7754612403101
G67A,-0.98,0.0183344262295082,0.978806557377049,0.99614140625,0.942233070866142,1.01360697674419,-0.0368255813953488,0.979275,1.41803278688525,0.979142276422765,0.9428,0.9570744,36.913843442623,37.1610108527132,0.955406349206349,37.051362992126,1.00361085271318,37.2345375,36.999241322314,37.6986344262295,16.806680620155
G49N,-0.96,0.0355704918032787,0.979660655737705,0.99104609375,0.930655118110237,1.00581550387597,-0.0420891472868217,0.963503225806452,1.51639344262295,0.976923577235773,0.933521666666667,0.9539888,36.8249672131148,37.0791031007752,0.944991269841269,36.9749637795275,1.0040992248062,37.14218671875,36.8899214876033,37.6439647540984,16.7924457364341
M12L,-0.57,0.0205606557377049,0.962331147540984,0.97801640625,0.920823622047245,0.990596124031008,-0.0379217054263566,0.951166935483871,1.45081967213115,0.958537398373984,0.919706666666667,0.9405208,37.0285754098361,37.2531263565892,0.940831746031746,37.154505511811,1.00574186046512,37.33382265625,37.1129958677686,37.718712295082,16.8501317829457
I55L,-0.45,0.0160196721311476,0.967609836065574,0.99193984375,0.920973228346457,1.00308759689922,-0.0388767441860465,0.962739516129032,1.44262295081967,0.969464227642277,0.931186666666667,0.9522472,36.9103557377049,37.1554085271318,0.940530158730158,37.0493291338583,0.997931782945736,37.23053984375,36.9982884297521,37.6920467213115,16.7584224806202
Q121H,-0.45,0.0190459016393443,0.97523606557377,0.99201796875,0.913459842519685,1.01119612403101,-0.0291263565891473,0.973052419354839,1.38524590163934,0.982654471544716,0.927606666666667,0.9581896,36.9606352459017,37.2071813953488,0.937130158730158,37.0997732283465,0.998188372093023,37.2764828125,37.0297016528926,37.8769532786885,16.8781860465116
F3Y,-0.45,0.0132868852459016,0.959398360655738,0.97179609375,0.921450393700788,0.992374418604651,-0.0463031007751938,0.95224435483871,1.41803278688525,0.9610918699187,0.916919166666667,0.9432256,36.9304877049181,37.1818426356589,0.937634126984127,37.0698724409449,1.00440852713178,37.25295390625,37.0190231404959,37.7046860655738,16.8569263565891
G71A,-0.38,0.0190803278688525,0.968590163934426,1.00036953125,0.931708661417323,1.00547054263566,-0.0351217054263566,0.970545967741936,1.41803278688525,0.982475609756098,0.942116666666667,0.96206,36.9136450819672,37.1605589147287,0.950069841269841,37.0537622047244,1.00350542635659,37.2339703125,36.9997231404959,37.698831147541,16.8045945736434
N77H,-0.38,0.0172967213114754,0.979670491803279,0.99790078125,0.91826220472441,1.02311860465116,-0.0301372093023256,0.973447580645161,1.41803278688525,0.978239837398374,0.935706666666667,0.9700856,36.9956754098361,37.2606441860465,0.938736507936508,37.1402614173228,1.00226666666667,37.32116796875,37.0837495867769,37.8984663934426,16.8379410852713
T40S,-0.27,0.0163934426229508,0.971480327868853,0.9947640625,0.915633070866142,1.00807674418605,-0.0334139534883721,0.965057258064516,1.40163934426229,0.974175609756098,0.933506666666667,0.9577632,36.8997868852459,37.147323255814,0.936184126984127,37.0391433070866,0.995911627906977,37.21614609375,36.9849595041322,37.6972713114754,16.8090658914729
M105T,-0.24,0.0309081967213115,0.944139344262295,0.970271875,0.931456692913386,0.989527131782946,-0.0334519379844961,0.944725,1.4344262295082,0.947763414634147,0.902160833333333,0.9314624,36.8778721311476,37.1197356589147,0.953650793650793,37.0030551181102,1.00447906976744,37.19361015625,36.9625,37.6858991803279,16.8236434108527
R21Q,-0.15,0.0122295081967213,0.966432786885246,0.98768984375,0.941937007874016,1.00022558139535,-0.0254193798449612,0.959265322580645,1.40163934426229,0.967808943089431,0.92612,0.9486056,36.8994180327869,37.145111627907,0.94971746031746,37.0424346456693,1.00562480620155,37.2208734375,36.9837719008264,37.0382352459017,16.7751527131783
S91A,-0.15,0.0320459016393443,0.971953278688525,0.9910375,0.930329133858268,1.00650620155039,-0.0245139534883721,0.965358870967742,1.41803278688525,0.972321138211383,0.9294775,0.9554056,36.9889245901639,37.225196124031,0.960110317460317,37.1259968503937,1.00426821705426,37.28793984375,37.062979338843,37.7271516393443,16.8390465116279
D101Q,-0.08,0.0137098360655738,0.984179508196721,1.0050421875,0.913666141732284,1.01047441860465,-0.0391263565891473,0.979300806451613,1.44262295081967,0.984453658536586,0.937165833333333,0.9704344,36.9769180327869,37.2154023255814,0.93251746031746,37.1168834645669,1.00921085271318,37.29331484375,37.0697016528926,37.9642401639344,16.8398457364341
S91V,-0.08,0.0401147540983606,0.971584426229508,0.9908203125,0.921144881889764,1.00613100775194,-0.0184519379844961,0.964952419354839,1.44262295081967,0.972025203252033,0.929239166666667,0.9550024,37.1818286885246,37.3915674418605,0.937160317460317,37.3160039370079,1.02133100775194,37.421021875,37.213232231405,37.7232368852459,16.948492248062
R68K,-0.04,0.0189418032786886,0.96667868852459,0.98749921875,0.925626771653544,1.00034031007752,-0.0316232558139535,0.958918548387097,1.41803278688525,0.968430081300813,0.926076666666667,0.9493336,36.8350344262295,37.094003875969,0.944752380952381,36.9907496062992,0.999841860465116,37.17595546875,36.9449033057851,37.6061237704918,16.7622596899225
G102V,-0.04,0.022488524590164,0.983531147540984,0.99517421875,0.923292913385827,1.00918062015504,-0.0344984496124031,0.971858870967742,1.41803278688525,0.982882113821139,0.943906666666667,0.9667176,37.0914967213115,37.2831573643411,0.942388095238095,37.2241244094488,1.01323023255814,37.37720078125,37.1582487603306,37.6949278688525,16.8830720930233
I55V,0.0,0.016144262295082,0.968740983606557,0.994459375,0.922079527559056,1.00477364341085,-0.038637984496124,0.965146774193549,1.41803278688525,0.970708130081301,0.934336666666667,0.9543352,36.9365647540984,37.1816294573643,0.941395238095238,37.0738566929134,1.00428837209302,37.25432890625,37.0249413223141,37.6901532786885,16.8163759689922
D101E,0.0,0.0139803278688525,0.978068852459016,0.99921796875,0.921957480314961,1.00702868217054,-0.0388705426356589,0.972413709677419,1.44262295081967,0.978791056910569,0.933286666666667,0.9632104,36.9405983606558,37.1836852713178,0.941003174603174,37.0792102362205,1.00072248062015,37.25869765625,37.0301603305785,37.9241655737705,16.8186023255814
G102A,0.02,0.0190573770491803,0.983981967213115,0.99537265625,0.931966929133859,1.00941162790698,-0.0349263565891473,0.972199193548387,1.41803278688525,0.983275609756098,0.944371666666667,0.9671768,36.9124909836066,37.1615736434109,0.952738095238095,37.0509299212598,1.00358604651163,37.233815625,37.0022867768595,37.6985508196721,16.807103875969
D101N,0.04,0.0138819672131148,0.971958196721312,0.99339375,0.910902362204725,1.00358294573643,-0.0389635658914729,0.965526612903226,1.41803278688525,0.973128455284553,0.9294075,0.9559864,36.9343721311476,37.1782480620155,0.929688888888889,37.0727519685039,1.00676899224806,37.25276328125,37.0233818181818,37.9418729508197,16.876084496124
F34Y,0.19,0.00962786885245902,0.957398360655738,0.9772765625,0.917774015748032,0.98608527131783,-0.0189077519379845,0.953720161290323,1.41803278688525,0.954446341463415,0.916156666666667,0.9379552,36.9360418032787,37.1786023255814,0.938186507936508,37.0726700787401,1.00347364341085,37.25381328125,37.0251958677686,37.7134942622951,16.8438100775194
D101K,0.19,0.0121114754098361,0.98452868852459,1.005375,0.907422047244095,1.01067131782946,-0.040637984496124,0.97969435483871,1.36885245901639,0.984777235772358,0.9373875,0.9708472,36.917768852459,37.1637488372093,0.926126984126984,37.0555299212598,1.00502480620155,37.23693828125,37.005305785124,38.3454147540984,16.8229759689922
R73K,0.23,0.00990819672131149,0.966383606557377,0.98791640625,0.927831496062993,1.00077751937984,-0.0427217054263566,0.958439516129032,1.33606557377049,0.968161788617887,0.926061666666667,0.9494824,36.8539885245902,37.1029031007752,0.945720634920635,36.9758346456693,1.00028372093023,37.15718515625,36.9189479338843,37.6031139344262,16.7700108527132
N103D,0.24,0.0377049180327869,0.960403278688524,0.98136875,0.939626771653544,0.997645736434109,-0.0225542635658915,0.949741935483871,1.41803278688525,0.958508943089431,0.919571666666667,0.9447088,36.9154204918033,37.1614968992248,0.961974603174603,37.055574015748,0.998629457364341,37.23588828125,37.0031280991736,37.4385418032787,16.7739356589147
D101R,0.27,0.00957868852459019,0.983481147540984,1.0043765625,0.905374803149607,1.01008062015504,-0.0430333333333333,0.97851370967742,1.49180327868852,0.983806504065041,0.9367225,0.9696088,37.0028606557377,37.2380573643411,0.924031746031746,37.1437929133858,1.00723410852713,37.31804140625,37.0979454545455,38.4404754098361,16.8848317829457
M12F,0.28,0.0213491803278689,0.962934426229508,0.97977265625,0.927595275590552,0.992375968992248,-0.0388085271317829,0.952515322580645,1.45081967213115,0.960176422764228,0.920773333333333,0.942012,36.9493336065574,37.1895798449612,0.944926984126984,37.0845251968504,1.00671550387597,37.264975,37.036632231405,37.6710483606558,16.8470108527132
G102R,0.38,-0.00443852459016391,0.992322131147541,0.99904375,0.92072283464567,1.01368527131783,-0.0378565891472868,0.978495161290323,1.41803278688525,0.990555284552846,0.952974166666667,0.975672,36.8725852459017,37.1344689922481,0.939321428571428,37.0123196850394,1.00469457364341,37.20185078125,36.9675181818182,38.1296819672131,16.8000604651163
D101G,0.45,0.0169803278688525,0.962704918032787,0.98457421875,0.907729133858268,0.99836511627907,-0.0360333333333333,0.955097580645161,1.36885245901639,0.964553658536586,0.923533333333333,0.9450472,37.0505950819672,37.2797426356589,0.92644126984127,37.1933062992126,1.00514108527132,37.36353828125,37.1499140495868,37.9940631147541,16.9179465116279
R114H,0.68,0.0152196721311476,0.976777049180328,1.00343671875,0.925889763779528,1.01214496124031,-0.0431472868217054,0.96681370967742,1.36885245901639,0.981971544715447,0.931546666666667,0.9573608,36.9341229508197,37.180092248062,0.945889682539682,37.073411023622,1.00173178294574,37.25212734375,37.0242636363636,37.3993606557377,16.8260124031008
D101F,0.72,0.0187262295081967,0.97545,0.996721875,0.91172125984252,1.0055519379845,-0.0343821705426357,0.969462096774194,1.41803278688525,0.976364227642277,0.931624166666667,0.9601144,37.0983295081967,37.3214279069767,0.930526984126984,37.2428196850394,1.01246666666667,37.40903515625,37.2018826446281,37.9483967213115,16.931692248062
D101A,0.76,0.0173245901639345,0.97702131147541,0.99821953125,0.91612283464567,1.00643798449612,-0.0357077519379845,0.971233064516129,1.36885245901639,0.977820325203252,0.932621666666667,0.961972,37.0391803278689,37.2697744186047,0.935031746031746,37.1814661417323,1.00607131782946,37.35265859375,37.1374867768595,37.9968590163935,16.8935790697674
H15L,0.76,0.0122688524590164,0.948088524590164,0.96234609375,0.923636220472442,0.981737209302326,-0.0582581395348837,0.93150564516129,1.41803278688525,0.953231707317074,0.899346666666667,0.931924,37.0772713114754,37.3144348837209,0.942636507936508,37.2032519685039,1.0082992248062,37.394115625,37.1869520661157,37.5522532786885,16.8781496124031
D101S,0.87,0.0153573770491803,0.970910655737705,0.9923953125,0.909674015748032,1.00299224806202,-0.0375682170542636,0.964345967741936,1.36885245901639,0.972157723577236,0.9287425,0.954748,36.9852196721312,37.2226519379845,0.928431746031746,37.125494488189,1.00514108527132,37.30122734375,37.0787396694215,37.9670360655738,16.8829573643411
S91T,0.99,0.0202934426229508,0.957936885245902,0.982784375,0.928174803149607,0.992248837209303,-0.0333434108527132,0.949913709677419,1.44262295081967,0.961075609756098,0.920420833333333,0.940084,36.9594360655738,37.1997635658915,0.954726984126984,37.0969511811024,1.01132868217054,37.26759609375,37.0400107438017,37.6938762295082,16.8513682170543
A31V,1.2,0.0160524590163935,0.965260655737705,0.98679140625,0.907814960629922,0.999513953488372,-0.0318116279069767,0.957926612903226,1.45081967213115,0.966817073170732,0.92477,0.9481464,37.0764991803279,37.339384496124,0.923360317460317,37.2311905511811,1.01632248062016,37.39718203125,37.1685272727273,37.6922040983607,16.9375751937984
A31I,1.4,0.0147737704918033,0.96015,0.9772171875,0.90876377952756,0.990347286821706,-0.0296953488372093,0.951060483870968,1.45081967213115,0.959825203252033,0.913231666666667,0.9437776,37.0658868852459,37.327523255814,0.924526984126984,37.219411023622,1.01475658914729,37.38643984375,37.1576454545455,37.6976483606558,16.9485868217054
A31L,1.8,0.0161377049180328,0.963477868852459,0.9834515625,0.906866141732284,0.996316279069768,-0.0319527131782946,0.955531451612903,1.48360655737705,0.964378048780488,0.920745,0.9466224,37.0523803278689,37.312427131783,0.92219365079365,37.2044188976378,1.01005891472868,37.37276796875,37.1437958677686,37.694018852459,16.8759100775194
