id,stability,10AASAK0,10AASAMw,10AASAf,8AASAK0,10AASAV,10AASAASAD,5AASAK0,2AASAK0,7AASAK0,3AASAK0,6AASAK0,4AASAK0,4AASApHi,6AASAf,2AASAASAN,9AASAK0,6AASApHi,9AASApHi,1AASAK0,2AASAP
L36G,-5.4,942.725355000001,16888.0,4.11428571428571,945.264026056338,15.4214285714286,23076.7612142857,947.208431724138,947.313612162162,945.5253,946.309783673469,947.308945138889,945.522816438356,41.2689363013699,3.86111111111111,3311.45324324324,946.103163829787,41.5435090277778,41.0623978723404,944.0076852349,283.149562837838
Y91S,-5.3,942.576232857144,16835.3428571429,4.12857142857143,945.103217605634,15.1928571428571,23074.3633571429,947.093910344828,947.140483108108,945.35597972028,946.488817687075,946.761373611111,945.528897260274,41.2713726027397,3.86111111111111,3311.34128378378,946.127936170213,41.5464777777778,41.0650602836879,943.909065100672,283.150689864865
F61G,-4.7,941.482960714286,16840.5285714286,4.11428571428571,944.33152887324,15.3071428571429,23037.2365,946.203153103448,946.282655405406,944.161602097902,945.351123809524,945.855203472222,944.149768493151,41.306302739726,3.86111111111111,3308.16135135135,944.721617730497,41.5824159722222,41.1154787234043,943.010422147652,283.028974324324
F76G,-4.7,941.773789285715,16886.1714285714,4.17142857142857,944.044796478874,15.5571428571429,23131.7185,945.935353103448,946.244955405406,944.545983916084,945.080812244898,945.831117361111,944.303150684932,41.3086856164384,3.83333333333333,3308.70418918919,944.582047517731,41.5967416666667,41.1013,942.37483557047,283.032616216216
L103A,-4.6,941.736140714286,16901.0,4.12857142857143,944.587013380282,15.3642857142857,23139.2332142857,946.277573793103,946.791236486487,945.028241258741,945.608171428571,946.637771527778,945.149531506849,41.2711534246575,3.84722222222222,3314.76763513514,946.116921276596,41.546525,41.0651921985816,943.515862416108,283.060477702703
W140L,-4.5,945.157537857144,16963.1928571429,4.18571428571429,947.975303521127,15.6642857142857,23265.0697857143,949.659371034483,950.15345945946,948.307564335664,949.000865306123,949.863554861112,948.295665753425,41.2788582191781,3.90277777777778,3304.24635135135,949.100524113476,41.5521576388889,41.0707028368794,946.518479865772,282.440784459459
F76A,-4.1,941.156432142858,16905.3714285714,4.17142857142857,943.376134507042,15.5785714285714,23179.2140714286,945.32480137931,945.606239189189,943.931088811189,944.436220408163,945.168304861111,943.641712328767,41.3110835616438,3.83333333333333,3312.36905405405,943.824813475178,41.59995,41.103614893617,941.6772852349,283.032616216216
L37G,-3.9,942.887875000001,16891.2,4.15714285714286,945.406416197183,15.3928571428571,23091.9097857143,947.21008,947.606871621622,945.503238461538,946.120859863945,947.190440972222,945.583057534247,41.2687438356164,3.86111111111111,3310.70351351351,946.210629078014,41.5435388888889,41.0622609929078,943.84214966443,283.104194594595
D83A,-3.9,941.002812142858,16906.5142857143,4.11428571428571,943.586278169014,15.4285714285714,23228.1093571429,945.882820689655,946.282456756757,944.437522377622,945.231491156463,945.728563194445,944.829457534247,41.6396417808219,3.84722222222222,3283.68905405406,945.016155319149,41.74060625,41.3379255319149,942.627090604028,265.147166891892
L36A,-3.6,942.050140714287,16918.4,4.11428571428571,944.591878169014,15.4928571428571,23154.4852142857,946.644845517241,946.64145,944.862677622378,945.67866122449,946.727174305556,944.8622,41.2706849315068,3.86111111111111,3313.18837837838,945.386036170213,41.5459986111111,41.0656744680851,943.419765771813,283.149562837838
D95A,-3.6,941.522605000001,16898.0285714286,4.08571428571429,944.272078169014,15.3857142857143,23218.3803571429,946.040475862069,945.984864864865,944.839304195804,945.057319727891,945.567167361111,944.202634246575,41.5265917808219,3.83333333333333,3281.12418918919,945.274478723404,41.7955611111111,41.336780141844,943.196289261745,265.986693918919
T62G,-3.4,942.823977142858,16922.2285714286,4.15,945.39787887324,15.5142857142857,23164.5397857143,946.894060689655,947.800724324325,946.083884615385,946.563927891157,947.572198611111,946.002038356165,41.2949136986301,3.88888888888889,3290.60202702703,946.444410638298,41.5695479166667,41.1063184397163,943.980811409397,282.594781756757
D77A,-3.2,941.459467857144,16908.7142857143,4.07142857142857,944.158851408451,15.45,23225.3296428572,945.693108965517,946.203167567568,944.183877622378,945.043842176871,945.695754861111,944.35085890411,41.6230493150685,3.81944444444444,3290.53527027027,945.259346808511,41.8249451388889,41.3241808510638,942.45781409396,266.393025
D95G,-3.1,942.182926428572,16862.5285714286,4.08571428571429,944.888979577465,15.2785714285714,23129.5092142857,946.623924137931,946.668074324325,945.390003496503,945.699768707483,946.274979861111,944.876915068493,41.524204109589,3.83333333333333,3276.85662162162,945.887457446809,41.7932277777778,41.3342418439716,943.724812751679,265.986693918919
A60V,-2.9,947.049380714286,17053.8,4.21428571428571,949.824235915493,15.7785714285714,23376.8322142857,951.058748965517,951.41812027027,950.09195034965,950.709248979592,951.496365972222,949.579542465754,41.2651246575342,3.92361111111111,3309.34148648649,950.426243262412,41.5411111111111,41.0600971631206,948.094815436242,283.151442567568
D83G,-2.8,941.765455000001,16873.7142857143,4.11428571428571,944.338179577465,15.3357142857143,23149.7952142857,946.497303448276,946.907085135136,945.067312587413,945.839654421769,946.404604861111,945.380347945206,41.636204109589,3.84722222222222,3279.77283783784,945.679985106383,41.7387833333333,41.3353765957447,943.267661073826,265.147166891892
L25A,-2.6,942.257380714286,16918.1,4.08571428571429,944.897033098592,15.4714285714286,23143.7842142857,946.423096551724,946.670728378379,944.8719,945.602617687075,946.704496527778,945.041997260274,41.2707164383562,3.875,3313.39128378378,945.406969503546,41.5455986111111,41.0656489361702,943.201440939598,283.148456081081
I18G,-2.6,942.683700714286,16889.2,4.1,945.138803521127,15.3928571428571,23047.3233571429,946.965475862069,947.53710945946,945.797392307692,946.210606802721,947.240896527778,945.565050684932,41.2655328767123,3.84722222222222,3313.10871621622,946.103163829787,41.5388736111111,41.0580290780142,944.000627516779,283.116538513513
N118D,-2.5,945.854789285715,17011.2857142857,4.18571428571429,948.328644366197,15.7071428571429,23295.0200714286,950.039525517242,950.410018918919,948.605583916084,949.330531972789,950.046846527778,948.643554794521,41.0673602739726,3.90277777777778,3314.32506756757,949.300027659575,41.2951888888889,40.7687836879433,946.687987248323,299.161681756757
F61A,-2.4,940.807746428572,16866.8285714286,4.11428571428571,943.71990915493,15.3642857142857,23111.3540714286,945.645877241379,945.651439189189,943.470238461538,944.760307482993,945.197182638889,943.457816438356,41.3085547945205,3.86111111111111,3312.38297297297,943.99214964539,41.5847472222222,41.1186617021277,942.439314765101,283.028974324324
T62A,-2.4,942.095941428572,16950.0285714286,4.15,944.685801408451,15.5785714285714,23237.4115,946.145715862069,947.2139,945.533185314685,945.940866666667,947.008136111111,945.425463013699,41.2973712328767,3.88888888888889,3294.40472972973,945.75504893617,41.5719875,41.1104631205674,943.306918791947,282.594781756757
D77G,-2.2,942.132217857144,16876.6142857143,4.07142857142857,944.798041549296,15.3642857142857,23143.9992142857,946.344936551724,946.843404054054,944.863597902098,945.688944217687,946.378254861111,944.995961643836,41.6197657534247,3.81944444444444,3287.55689189189,945.875304255319,41.8223388888889,41.3217595744681,943.13170671141,266.393025
A90S,-2.0,946.863680714286,17041.3714285714,4.22142857142857,949.330978169014,15.7714285714286,23316.1277857143,951.062388965517,951.195139189189,949.643693006993,950.157282993197,950.969604861111,949.202980821918,41.2432835616438,3.93055555555556,3318.29939189189,950.16650425532,41.5094277777778,41.0255439716312,947.844545637585,283.151112837838
L37A,-1.8,942.263660714287,16920.8,4.15714285714286,944.778951408451,15.4714285714286,23164.3662142857,946.647011034483,947.026736486487,944.833693006993,945.43045170068,946.571482638889,944.941345205479,41.2710698630137,3.86111111111111,3314.01702702703,945.527224822695,41.5459388888889,41.0659482269503,943.202283892618,283.104194594595
E73A,-1.6,939.883477857143,16894.0142857143,4.05714285714286,943.062796478873,15.45,23164.8779285714,944.346386206897,944.512042567568,942.919672027972,943.462118367347,944.482133333333,943.343902739726,41.3163726027397,3.84027777777778,3251.39702702703,943.573289361702,41.6049513888889,41.1486815602837,941.412678523491,249.636065540541
A60G,-1.5,945.513466428572,16987.5,4.18571428571429,948.114423239437,15.6714285714286,23241.5729285714,949.606255172414,950.030535135135,948.356122377622,949.020654421769,949.846500694445,948.19972739726,41.2662232876712,3.90277777777778,3309.97472972973,948.985431914894,41.5419180555556,41.0609453900709,946.529712080537,283.149984459459
V23F,-1.5,946.625917857143,17091.2,4.2,948.925075352113,15.8785714285714,23371.2560714286,950.739466206897,951.174541891892,949.418674825175,949.872427210884,950.592021527778,949.457224657534,41.241804109589,3.90277777777778,3315.43621621622,950.138787943263,41.5044388888889,41.0235921985816,947.555212751678,283.224056081081
T33S,-1.4,944.232991428572,16983.2,4.18571428571429,946.806898591549,15.65,23258.7797857143,948.406855172414,949.000673648649,947.029828671329,947.729715646258,948.547573611111,947.084467123288,41.2711561643836,3.90277777777778,3308.81689189189,947.855591489362,41.5459527777778,41.065765248227,945.285738926175,283.15360472973
G79S,-1.2,946.055369285715,17056.7428571429,4.2,948.602962676057,15.7785714285714,23372.3183571429,950.256100689655,950.618077027027,948.820677622378,949.609515646259,950.586454861111,948.994797260274,41.253648630137,3.9375,3332.95006756757,949.601687234043,41.5224277777778,41.0311787234043,947.137564429531,284.29754527027
L89F,-1.2,946.012975000001,17056.2285714286,4.18571428571429,948.553086619719,15.7714285714286,23332.2553571429,950.106489655173,950.604885135135,948.760736363636,949.424585034014,950.432454861111,948.951646575342,41.2307520547945,3.90277777777778,3314.23554054054,949.636870212766,41.5251027777778,41.0231,946.853671812081,283.229675
W140Y,-1.1,945.745859285715,16994.9785714286,4.18571428571429,949.169493661972,15.6928571428571,23291.0697857143,951.033123448276,951.617216891892,949.714308391608,950.426899319728,951.333204861111,949.696069863014,41.245652739726,3.90277777777778,3322.69871621622,950.594112765958,41.5243576388889,41.0450574468085,947.855136241611,282.973584459459
F76W,-1.0,943.107280714286,17063.0857142857,4.18571428571429,945.489106338028,15.7714285714286,23341.8786428572,947.254144827586,947.624582432433,945.874157342657,946.473130612245,947.262792361111,945.731857534247,41.3022910958904,3.90277777777778,3318.14121621622,946.217673049646,41.5881861111111,41.0951269503546,943.881544295303,283.736825675676
W140F,-0.6,945.660252142858,16984.8071428571,4.18571428571429,948.995726056338,15.6857142857143,23280.3726428572,950.833227586207,951.404224324324,949.509611888112,950.219395918367,951.119354861111,949.492295890411,41.2269746575342,3.90277777777778,3306.15851351351,950.376779432624,41.5087201388889,41.0306319148936,947.660638255034,282.519984459459
W140H,-0.4,945.168466428572,16978.45,4.18571428571429,947.997486619718,15.6785714285714,23268.3383571429,949.684889655173,950.18065,948.333695804196,949.027355102041,949.890854861111,948.321679452055,41.4459232876712,3.90277777777778,3329.67810810811,949.128268794326,41.6920263888889,41.1997312056737,946.543309395974,300.969984459459
I18M,-0.2,944.601723571429,17048.3,4.22857142857143,947.121359859155,15.7071428571429,23347.4690714286,948.748462068966,949.214758108108,947.405961538461,948.056062585034,948.921604861111,947.369035616439,41.2471958904109,3.93055555555556,3324.28486486487,948.101559574468,41.5137333333333,41.0329085106383,945.645134899329,283.594815540541
S141A,-0.12,943.857123571429,16992.9142857143,4.16428571428571,945.401007746479,15.6714285714286,23291.5650714286,947.02523724138,947.53487972973,945.817472027972,946.479572789116,947.153834027778,945.909580821918,41.2957767123288,3.875,3302.77844594595,947.596282978724,41.5685611111111,41.0771070921986,943.929002013423,282.588052027027
F76V,0.0,943.263677857144,16943.7714285714,4.17857142857143,945.658500704226,15.6214285714286,23241.1445714286,947.408817931034,947.786390540541,946.029930769231,946.636427210884,947.430704861111,945.899421917808,41.3078863013699,3.86805555555556,3307.69635135135,946.409505673759,41.5956722222222,41.1005283687943,944.058257046981,283.076210135135
H46Y,0.0,946.123074285715,17055.2857142857,4.18571428571429,948.896953521127,15.8071428571429,23365.0876428572,950.356562068966,950.81845472973,949.033873426573,949.799646938775,950.688197222222,948.719025342466,41.1073198630137,3.90277777777778,3304.4102027027,949.709918439716,41.4372506944444,40.8999191489362,947.065151677853,265.869657432432
V66L,0.3,945.355869285715,17037.6,4.2,947.864382394367,15.7785714285714,23339.9187142857,949.539913103448,949.951704054054,948.172646853147,948.777858503401,949.624277083334,948.133534246575,41.2716287671233,3.91666666666667,3315.68283783784,948.983548226951,41.5460083333333,41.0649709219858,946.405524161074,283.149984459459
G88V,0.5,946.521035000001,17098.1,4.23571428571429,948.925317605634,15.9,23494.1562142857,950.705293793103,950.739690540541,949.149155944056,950.045262585034,950.588984027778,949.219293150685,41.2684397260274,3.90972222222222,3311.81364864865,949.913431914894,41.5435291666667,41.0623758865248,947.300034228188,283.149984459459
H124L,0.7,944.850029285715,16964.5142857143,4.18571428571429,947.381472535212,15.5928571428571,23289.6237857143,948.97664,949.430113513514,947.613423076923,948.294740136055,949.139354861111,947.602867123288,41.1444684931507,3.90277777777778,3280.73486486487,948.359725531915,41.41676875,40.8876460992908,945.85526375839,247.712193918919
