id,stability,5AASADH,5AASATDS,6AASATDS,7AASATDS,7AASADH,9AASADGh,10AASAm,3AASADH,9AASADGc,3AASATDS,8AASATDS,8AASADH,10AASADH,3AASADG,1AASAm,10AASATDS,9AASAm,6AASADH,1AASAEsm,7AASADG
C30G,-8.74,0.333372222222222,0.177007407407407,-0.627932075471698,0.357328846153846,0.639875,4.2386,328.527155102041,-0.523992857142857,5.038854,-0.134346428571429,-0.556611764705882,-0.82405294117647,1.14724693877551,-0.06875,331.528781034483,0.433791836734694,331.905668,-0.902992452830189,1.43818103448276,0.0346423076923077
C30S,-8.0,0.338868518518519,0.21122962962963,-0.649205660377358,0.383876923076923,0.644586538461538,4.98796,333.840420408163,-0.514830357142857,5.686042,-0.083275,-0.461709803921569,-0.807541176470588,1.14168979591837,-0.0874750000000001,335.507384482759,0.398434693877551,339.298338,-0.905977358490566,1.43565689655172,0.0252192307692308
C30T,-7.81,0.354572222222222,0.213718518518519,-0.650752830188679,0.385807692307692,0.658048076923077,4.55876,337.739604081633,-0.488651785714286,5.289226,-0.0795607142857143,-0.454807843137255,-0.760364705882352,1.12581224489796,-0.0813607142857143,338.427115517241,0.395863265306122,344.72351,-0.914505660377359,1.43355344827586,0.0282961538461539
F45A,-6.9,0.679885185185185,0.392859259259259,-0.835035849056604,0.0571269230769229,0.0231249999999999,4.455576,337.766559183673,0.626383928571429,5.387176,0.510617857142857,0.534368627450981,1.03199607843137,-0.435875510204082,-0.00250000000000002,344.964256896552,-0.437487755102041,370.23289,-1.23139811320755,1.44868793103448,-0.0138153846153846
C30A,-6.14,0.391475925925926,0.229896296296296,-0.660809433962264,0.398357692307692,0.689682692307692,4.227,340.525930612245,-0.427132142857143,4.9987,-0.0554178571428571,-0.409945098039216,-0.6495,1.0885,-0.0729535714285715,340.513532758621,0.379148979591837,348.600296,-0.934547169811321,1.43986379310345,0.0325269230769231
C30V,-5.95,0.374987037037037,0.218696296296296,-0.653847169811321,0.389669230769231,0.675548076923077,4.07156,340.174502040816,-0.454619642857143,4.83336,-0.0721321428571428,-0.441003921568627,-0.699035294117647,1.10517142857143,-0.0744821428571429,340.250381034483,0.390720408163265,348.111332,-0.925592452830189,1.43355344827586,0.0317576923076923
Y23A,-5.9,0.762898148148148,0.455585185185185,-0.651639622641509,0.366926923076923,0.651828846153846,4.11398,344.292271428571,0.524439285714286,4.97989,0.475110714285714,0.330149019607843,0.661817647058823,0.265891836734694,-0.0138125,341.27635,-0.0728346938775509,357.447426,-0.877969811320755,1.45340172413793,0.0347230769230769
N43G,-5.7,0.95117962962963,0.577829629629629,-0.803292452830188,0.570751923076923,1.00429807692308,4.454376,343.263751020408,0.15785,5.469836,0.263801785714286,0.40638431372549,0.774676470588235,0.804275510204082,-0.0332857142857143,344.795653448276,0.176028571428572,364.104366,-1.14107547169811,1.44511896551724,0.0537557692307692
Y35G,-5.0,0.341046296296296,0.18262962962963,-0.747494339622641,0.812896153846154,1.35862115384615,3.90246,330.293951020408,-0.183185714285714,4.915052,0.0318214285714287,0.284878431372549,0.577170588235294,0.122993877551021,-0.0432178571428572,346.368536206897,-0.184442857142857,351.735432,-1.03932452830189,1.45345172413793,0.0634576923076923
N44G,-4.7,0.615512962962963,0.361211111111111,-0.681337735849056,0.677451923076923,1.17841346153846,3.79548,351.700616326531,0.136314285714286,4.908944,0.256141071428572,0.268711764705883,0.553029411764705,0.727867346938776,-0.0359321428571429,344.168287931034,0.166397959183674,358.088526,-0.951905660377359,1.44580172413793,0.0624557692307692
N44A,-3.3,0.555901851851852,0.306118518518519,-0.610771698113207,0.740057692307692,1.24928269230769,3.78388,358.996457142857,0.115039285714286,4.86879,0.242632142857143,0.302878431372549,0.591625490196078,0.733002040816326,-0.0345178571428572,354.72055,0.1775,374.783154,-0.876649056603774,1.44740172413793,0.0599807692307693
F4A,-3.0,0.758175925925926,0.447792592592593,-1.01926981132075,0.549942307692308,1.001175,4.485528,347.463355102041,0.678216071428571,5.539478,0.536367857142857,0.236274509803922,0.487603921568627,0.0444571428571425,0.00178214285714286,341.53680862069,-0.200377551020408,370.256986,-1.57904339622642,1.44994310344828,0.0637423076923077
G37A,-2.3,0.700764814814815,0.40022037037037,-0.852498113207547,0.611357692307692,1.05128269230769,4.47942,364.512146938775,0.198767857142857,5.50967,0.292528571428572,0.292898039215686,0.560570588235294,0.720663265306122,-0.0307607142857143,362.784360344828,0.161251020408163,379.655074,-1.18787924528302,1.44048448275862,0.0520307692307692
N24A,-2.2,0.777446296296296,0.47542962962963,-0.610341509433962,0.34325,0.705136538461538,4.28655,359.532081632653,0.380378571428571,5.23839,0.415667857142857,0.247890196078432,0.486539215686274,1.00099795918367,-0.0264678571428572,354.779215517241,0.357108163265306,374.62373,-0.876169811320755,1.44781896551724,0.0486192307692308
I19A,-2.1,0.779357407407407,0.465896296296296,-0.796896226415094,0.56465,0.995690384615385,4.589356,355.595293877551,0.22995,5.650108,0.303939285714286,0.215572549019608,0.462598039215686,0.716618367346939,-0.028625,350.219874137931,0.149483673469388,370.570782,-1.13176226415094,1.44624137931034,0.0534153846153846
G36A,-2.1,0.716524074074074,0.412025925925926,-0.792837735849056,0.547607692307692,0.979559615384615,4.4806,370.91832244898,0.220042857142857,5.505658,0.293591071428572,0.177064705882353,0.426354901960784,0.671581632653061,-0.0337660714285715,361.741001724138,0.108516326530612,386.093734,-1.12365283018868,1.44025,0.0544846153846154
R20A,-1.8,0.675042592592592,0.40767962962963,-0.559822641509434,0.622561538461538,1.05607307692308,4.29792,341.530983673469,0.129319642857143,5.386568,0.213151785714286,0.159807843137255,0.414860784313725,1.61120204081633,-0.0284535714285714,343.190274137931,0.74855306122449,366.208846,-0.786630188679246,1.45697413793103,0.0526192307692308
G12A,-1.8,0.700901851851852,0.398803703703704,-0.791875471698113,0.644213461538461,1.082875,4.47359,370.259853061224,0.169167857142857,5.48621,0.262930357142857,0.227398039215687,0.494260784313725,0.818675510204082,-0.0301714285714286,359.365012068966,0.229944897959184,386.039242,-1.1299358490566,1.44031896551724,0.0515653846153846
M52A,-1.7,0.777701851851852,0.456255555555555,-0.779794339622641,0.409026923076923,0.693882692307692,4.47794,354.485359183673,-0.0354857142857144,5.477916,0.138142857142857,0.273325490196079,0.553880392156862,0.929091836734694,-0.0402482142857143,346.082967241379,0.284777551020408,371.610222,-1.09275094339623,1.44255,0.0308346153846154
S47A,-1.6,0.741777777777778,0.446507407407407,-0.827337735849056,0.576857692307692,1.01311538461538,4.335912,358.457155102041,0.165930357142857,5.321042,0.270939285714286,0.213878431372549,0.469788235294117,0.709087755102041,-0.0334964285714286,358.848875862069,0.143924489795918,379.265148,-1.20891509433962,1.44286034482759,0.0517807692307692
I18A,-1.5,0.782735185185185,0.468396296296296,-0.810498113207547,0.576384615384615,1.00941346153846,4.485984,357.404306122449,0.201092857142857,5.520524,0.287016071428571,0.220178431372549,0.47345294117647,0.71400612244898,-0.0302857142857143,350.219874137931,0.14645306122449,371.163614,-1.14860754716981,1.44624137931034,0.0533807692307692
E7A,-1.5,0.758724074074074,0.452405555555556,-0.823894339622641,0.599992307692308,1.05211730769231,4.447964,356.868436734694,0.274725,5.487026,0.325617857142857,0.203476470588236,0.44606862745098,0.674071428571429,-0.0248875,352.44479137931,0.121363265306123,372.711646,-1.17297735849057,1.44919482758621,0.0559653846153846
P2A,-1.3,0.760966666666667,0.455514814814815,-0.79936037735849,0.572834615384615,1.00621730769231,4.516084,358.457155102041,0.233651785714286,5.54966,0.312875,0.236666666666667,0.49498431372549,0.713077551020408,-0.0301464285714286,356.213477586207,0.144810204081633,374.299984,-1.13477735849057,1.44433965517241,0.0536346153846154
Y10A,-1.2,0.536305555555556,0.326807407407407,-1.02375283018868,0.722519230769231,1.26734423076923,3.90692,349.093510204082,0.184039285714286,4.93149,0.267875,0.19558431372549,0.445888235294117,1.00452040816327,-0.0277625,347.43040862069,0.319418367346939,357.812278,-1.58029433962264,1.45448620689655,0.0678096153846154
V34A,-1.2,0.744062962962963,0.442396296296296,-0.79927358490566,0.570084615384615,1.00223269230769,4.537006,358.684812244898,0.180601785714286,5.57112,0.272953571428572,0.194219607843137,0.435058823529411,0.697977551020408,-0.0310178571428572,354.381898275862,0.134936734693878,373.78111,-1.13385283018868,1.44421379310345,0.0534192307692308
P13A,-1.2,0.762418518518519,0.456877777777778,-0.796062264150943,0.541607692307692,0.966169230769231,4.518664,361.487879591837,0.225164285714286,5.63426,0.306467857142857,0.274007843137255,0.545041176470587,0.754477551020408,-0.0302821428571429,356.043565517241,0.176634693877551,377.559262,-1.13274339622642,1.44613275862069,0.0530730769230769
F22A,-1.2,1.21506666666667,0.694229629629629,-0.817933962264151,0.642642307692308,1.16135192307692,4.44476,355.073265306122,0.109189285714286,5.33948,0.219275,-0.457662745098039,-0.830072549019608,0.739844897959184,-0.027025,337.556294827586,0.150242857142857,364.967914,-1.16829811320755,1.44783620689655,0.07045
Y35A,-1.1,0.419431481481482,0.256296296296296,-0.761767924528302,0.747511538461538,1.29273269230769,3.89672,343.094595918367,-0.113810714285714,4.89761,0.0989107142857145,0.264878431372549,0.555115686274509,0.233691836734694,-0.0448678571428572,349.810136206897,-0.094238775510204,361.650108,-1.05719622641509,1.45525172413793,0.0647692307692308
Q31A,-1.0,0.689890740740741,0.398696296296296,-0.791071698113207,0.667665384615384,1.14484807692308,4.37404,354.984812244898,0.190901785714286,5.281112,0.280716071428572,0.175919607843137,0.429325490196078,0.821002040816327,-0.0308053571428572,351.343439655172,0.219114285714286,370.732246,-1.12296981132075,1.45125,0.0568307692307692
G28A,-1.0,0.905087037037037,0.571637037037037,-0.719545283018868,0.664319230769231,1.11219038461538,4.48193,374.50332244898,0.171546428571429,5.517388,0.263841071428571,0.144564705882353,0.391966666666666,0.796928571428571,-0.0304267857142857,362.129170689655,0.224220408163265,379.01551,-1.03555094339623,1.4404775862069,0.0498307692307692
P9A,-0.8,0.869674074074074,0.528859259259259,-0.807605660377358,0.577611538461538,1.01102307692308,4.476696,359.783575510204,0.187539285714286,5.51114,0.278292857142857,0.144666666666667,0.374598039215686,0.717277551020408,-0.0309107142857143,356.438067241379,0.150255102040816,374.848994,-1.14670377358491,1.44486379310345,0.0536192307692308
G36S,-0.7,0.756351851851852,0.426803703703704,-0.795384905660377,0.556261538461538,1.003525,4.58556,363.975175510204,0.191089285714286,5.722744,0.288394642857143,0.189123529411765,0.456045098039215,0.711234693877551,-0.0436053571428572,357.394717241379,0.12235306122449,379.104082,-1.13389245283019,1.43612931034483,0.0572615384615385
L6A,-0.6,0.733061111111111,0.434951851851852,-0.801809433962264,0.572588461538461,1.00615961538462,4.517678,357.157775510204,0.189278571428572,5.550504,0.280689285714286,0.235584313725491,0.493880392156862,0.718916326530612,-0.0310678571428571,349.880998275862,0.151026530612245,371.65855,-1.13643773584906,1.44209137931034,0.0536115384615385
R42A,-0.5,0.725051851851852,0.448412962962963,-0.781698113207547,0.816978846153846,1.36294807692308,4.18952,350.248012244898,0.400246428571429,4.956176,0.3521375,0.262654901960785,0.505358823529411,1.00897551020408,-0.0130517857142857,346.59739137931,0.375622448979592,357.491214,-1.10902264150943,1.4572224137931,0.0640307692307693
R1A,-0.5,0.77597037037037,0.472696296296296,-0.784890566037736,0.578634615384615,1.00791730769231,3.870824,355.688926530612,0.786032142857143,4.896452,0.630864285714286,0.217866666666667,0.461072549019607,0.719385714285714,-0.00430357142857143,351.618853448276,0.171891836734694,365.775182,-1.13033018867925,1.44886379310345,0.0528846153846154
K41A,-0.4,0.699535185185185,0.409362962962963,-0.703635849056603,0.601030769230769,1.03655961538462,4.31918,350.893002040816,0.299364285714286,5.392404,0.350439285714286,0.370045098039216,0.723170588235294,0.853377551020408,-0.0267392857142857,349.027605172414,0.236673469387755,370.350712,-1.00293962264151,1.45180172413793,0.0532192307692308
K15A,-0.4,0.736194444444444,0.426990740740741,-0.708677358490566,0.724353846153846,1.26384423076923,4.37396,351.349716326531,0.186664285714286,5.439188,0.277675,0.309794117647059,0.604417647058822,0.944177551020408,-0.0308642857142857,347.935975862069,0.307222448979592,369.092762,-0.996283018867924,1.45436206896552,0.0657961538461539
D50A,-0.4,0.83402962962963,0.499525925925926,-0.810884905660377,0.561088461538461,0.991686538461539,4.375766,359.141963265306,0.161192857142857,5.429328,0.261617857142857,0.193937254901961,0.433976470588235,0.718812244897959,-0.0321071428571429,356.080022413793,0.15080612244898,374.545474,-1.14903396226415,1.44907068965517,0.0534384615384616
R17A,-0.3,1.35971481481481,0.794646296296296,-0.552639622641509,0.659980769230769,1.16654807692308,4.279492,350.512012244898,0.259083928571429,5.378036,0.312858928571429,0.262654901960784,0.510172549019607,0.771491836734694,-0.0263589285714286,346.845915517241,0.210738775510204,365.610094,-0.785703773584906,1.46003620689655,0.061775
P8A,-0.3,0.762327777777778,0.456792592592593,-0.763428301886792,0.529488461538462,0.950903846153846,4.584712,359.783575510204,0.234001785714286,5.61284,0.315175,0.216101960784314,0.464047058823529,0.717277551020408,-0.0303178571428572,355.597913793103,0.150255102040816,375.367314,-1.08660943396226,1.4452224137931,0.0528884615384616
E49A,-0.2,0.743561111111111,0.444433333333333,-0.784205660377358,0.545203846153846,0.965071153846154,4.413728,356.868436734694,0.199892857142857,5.455712,0.286555357142857,0.201349019607843,0.443994117647058,0.674071428571429,-0.0305053571428572,352.614453448276,0.121363265306123,371.87419,-1.10736226415094,1.44919482758621,0.0523692307692308
G56A,-0.2,0.831909259259259,0.519062962962963,-0.795884905660377,0.575232692307692,1.00674038461538,4.47838,364.68773877551,0.129921428571428,5.506712,0.222858928571429,0.22023137254902,0.466547058823529,0.693479591836735,-0.0295232142857143,362.784360344828,0.128118367346939,375.370282,-1.13244905660377,1.44048448275862,0.0539557692307692
G57A,-0.2,0.800116666666667,0.491044444444444,-0.733658490566037,0.576376923076923,1.00859038461538,4.48166,360.315502040816,0.188592857142857,5.516606,0.283117857142857,0.214398039215687,0.459872549019607,0.712961224489796,-0.0304464285714286,357.485977586207,0.151883673469388,377.661814,-1.06221886792453,1.44050517241379,0.05385
R53A,-0.1,0.853257407407408,0.538496296296296,-0.7809,0.480205769230769,0.869115384615385,4.09738,355.118183673469,0.183680357142857,5.209292,0.275091071428572,0.597737254901961,1.11573921568627,0.511963265306122,-0.0307946428571429,347.005225862069,-0.0024877551020408,370.27691,-1.14978490566038,1.45970517241379,0.0494346153846154
T32A,-0.1,0.76295,0.455003703703704,-0.785288679245283,0.556376923076923,0.970869230769231,4.258262,362.266946938775,0.220796428571429,5.310962,0.293075,0.205113725490196,0.445139215686274,0.738589795918367,-0.0276571428571429,356.636687931035,0.152867346938776,377.068246,-1.10161886792453,1.44444655172414,0.0505923076923077
T54A,-0.1,0.760948148148148,0.454811111111111,-0.797405660377358,0.573326923076923,1.00458269230769,4.451884,359.359653061224,0.229860714285714,5.439128,0.29665,0.205470588235294,0.44578431372549,0.69590612244898,-0.0263214285714286,357.524879310345,0.138487755102041,375.507142,-1.13043962264151,1.44452413793103,0.0519884615384616
R39A,0.0,0.603211111111111,0.345796296296296,-0.0562132075471697,0.502982692307692,0.872892307692308,4.245888,349.395669387755,-0.2178875,5.213084,-0.0232749999999998,0.104237254901961,0.2743,0.737422448979592,-0.0385571428571429,343.296481034483,0.184840816326531,361.201998,0.128667924528302,1.46152586206897,0.04625
L29A,0.0,0.74962037037037,0.44622962962963,-0.768130188679245,0.597223076923077,1.04911730769231,4.60532,354.314363265306,0.179503571428571,5.655252,0.274314285714286,0.225996078431373,0.482480392156862,0.686165306122449,-0.0315178571428572,351.202281034483,0.126781632653061,368.005318,-1.08710566037736,1.44236724137931,0.0562769230769231
K26A,0.0,0.832016666666667,0.493790740740741,-0.907501886792452,0.730455769230769,1.27025192307692,4.0994,356.423216326531,0.324564285714286,5.197108,0.370121428571429,0.231860784313726,0.477978431372548,0.726577551020408,-0.0264714285714286,350.503881034483,0.155559183673469,365.457912,-1.2962,1.45453275862069,0.0656807692307693
T11A,0.0,0.766431481481482,0.457651851851852,-0.79784716981132,0.596776923076923,1.06938846153846,4.320896,362.413059183673,0.231958928571429,5.398784,0.298460714285714,0.213933333333334,0.462556862745097,0.708951020408163,-0.0269107142857143,355.75194137931,0.143104081632653,376.052596,-1.12777924528302,1.44478275862069,0.0624807692307692
K46A,0.1,0.896987037037037,0.546983333333333,-0.708677358490566,0.335115384615385,0.674336538461539,4.40861,358.457155102041,0.118764285714286,5.426132,0.232644642857143,0.355964705882353,0.660911764705882,0.696977551020408,-0.0332214285714286,349.6567,0.126589795918367,368.577072,-1.00922641509434,1.45248448275862,0.0454884615384616
D3A,0.2,0.760635185185185,0.454311111111111,-0.799632075471698,0.587311538461538,1.0297,4.453526,358.979118367347,0.189066071428571,5.485972,0.280067857142857,0.212768627450981,0.459405882352941,0.715512244897959,-0.0310035714285714,355.567643103448,0.148177551020408,373.549102,-1.13483773584906,1.44845,0.0547307692307692
