id,stability,AASAK0,AASAHt,AASAHP,AASAP,AASApHi,AASApK',AASAMw,AASAP1,AASARf,AASAm,AASAHnc,AASAEsm,AASAE1,AASAEt,AASAPa,AASAPb,AASAPt,AASAPC,AASACa,AASAF,AASAPr,AASARa,AASANs,AASAan,AASAac,AASAam,AASAV0,AASANm,AASAN1,AASAHgm,AASAASAD,AASAASAN,AASADASA,AASADGh,AASAGhD,AASAGhN,AASADHh,AASATDSh,AASADCph,AASADGc,AASADHc,AASATDSc,AASADG,AASADH,AASATDS,AASAV,AASAs,AASAf
K13D,-6.7,902.4756542070434,1.2278986732544832,160.44228183935732,114.25121699540264,36.84686380575037,4.354054691757062,16310.671874140817,195.6816680188664,76.3097954135636,289.0769975948614,-0.038484983144603295,1.471328808016074,0.28385644285592637,3.0632538353646432,0.8969046300082082,0.997138503654784,1.1379812315126558,1.106326206480498,995.1127200690787,0.959770634198596,0.08783213302083148,13.003074105364352,37.055108636730886,0.8279669132439753,0.9404185544953915,0.9496026354947309,7295.3176963069145,3.322017915910493,16.809426470252014,181.1079394951706,20510.30624872446,2396.428223673485,8795.769858287129,4.999193120407693,14.58719035667335,2.893917185061658,24.08463442304049,7.086811066136787,266.30038813916497,5.315813741658955,25.862432726405228,7.670963748746594,-0.0076307477262028845,-0.22011162624995534,-0.13168747420521193,13.668766249399738,1.7906030649138942,2.861247539245063
I55T,-4.96,901.8565436114641,1.1949892936243702,159.77363298521968,114.49259163278205,37.53343599630473,4.384515641654962,16311.957698713071,195.28306022602342,75.37504859237615,289.54279557608095,-0.035657072449987066,1.47071271865742,0.2813449172234758,3.054009698424103,0.8958592861464713,0.9935424674040373,1.1400423240607978,1.110328385789243,999.851876467919,0.9629908957845202,0.0859188019147177,12.67941950136443,36.8838723379715,0.8314242468129331,0.9272151339309411,0.9644671438994967,7300.766622770536,3.321199927813848,16.707454859011488,180.5424125094863,20563.11809302605,2451.944594038328,8724.257137876837,5.078352503151745,14.924242174084123,2.913632489153944,24.177227684893104,7.065431034208603,264.2629434294055,5.378167338240756,25.791908341504335,7.58542863749846,-0.008544085829927005,-0.23289675271057525,-0.13843374484079404,13.66316119186196,1.7357748658158212,2.8917097419623414
C94A,-4.78,898.5672328726338,1.2364523365626152,160.1712824784934,113.947196059614,37.65760633721723,4.383390428965024,16278.780646782683,196.12249558859259,77.39221436505741,287.7181236208048,-0.03614931971557785,1.47017776971874,0.28196017868795586,3.05503724830322,0.910327302332931,0.9945968872038243,1.1214242608617269,1.0944672386986078,1003.5806443127127,0.961236191564461,0.0864304595553413,12.996126899413179,36.87398468059159,0.8568522613441175,0.9285234512399179,0.9641300140041646,7336.137501637166,3.333459685399423,16.699706341297627,180.7754435522279,20600.614300442972,2444.19246817625,8766.298354988976,4.936710614476156,14.507772065420061,2.8444159601808714,24.04586399573594,7.141398847075257,271.77835239897274,5.215264239212877,25.38642403165396,7.529426362670297,-0.005287439774512464,-0.212168359951267,-0.13267377885096657,13.68760117839497,1.7357748658158212,2.899134905335957
S91Y,-3.07,904.6439733042447,1.29563226062831,160.8135100692161,114.19011445224139,37.56574888928678,4.359513308595621,16483.3354662908,198.5963328207965,77.62025065692471,297.9111041295222,-0.035119344786816734,1.464111272547031,0.2850879070994818,3.057269337845222,0.8980050924183391,1.0121083193914868,1.126158936475639,1.0984784608999019,1017.8875417875839,0.9578878282580018,0.08748939033778239,12.99398617622434,37.167328361197725,0.8352243286486191,0.916655978694681,0.962937170952547,7427.316651052288,3.3298768602167064,16.88363067904771,181.20793110304,20849.89287174919,2433.506925665385,8945.876776823792,5.016718891793631,14.690996624774602,2.8578535806677445,24.4459415911277,7.264558427659098,277.68101007979647,5.3498234408605985,26.35830625736756,7.917234516290398,-0.010858414204101035,-0.22392115183465733,-0.12758816567046719,14.02265209459585,1.759891574637636,2.946491120763434
I55A,-2.77,899.0354356586982,1.2083603491662278,159.9613846023023,114.18167562516896,37.565740723876885,4.392514744090089,16246.14147162296,194.32335929024222,75.42961821478738,290.5096907143363,-0.03647575664831777,1.473556967652476,0.2810862276449156,3.057605108895001,0.9040462633865932,0.987647642856268,1.134324192252673,1.1036176007319658,995.5287812250532,0.9629908957845202,0.08656210648885355,12.73919612746351,36.90706416161852,0.8419407507397043,0.9302593614127262,0.9748543682184462,7277.244771644031,3.3366865221482698,16.69627360638566,180.7915883236726,20500.16032743271,2436.299887409115,8713.270932122388,5.009674656671757,14.662685105919872,2.853771441134275,23.97584164137611,7.032569182182561,263.8024982804985,5.317436303446345,25.635770985599958,7.565932267073324,-0.008259886179454492,-0.23244478737938432,-0.13852172716482375,13.522920890828411,1.7083455382399582,2.8610665665306856
I55F,-2.46,903.4861888686464,1.2417879880208658,160.1309667080541,114.24723020508728,37.516333493472395,4.3775164270242275,16412.87591358457,196.1888201256011,76.64379231343756,294.8824957540138,-0.03717224917525574,1.4686269360610449,0.2830695144138777,3.0564988287501103,0.900022155929584,0.9966536248042497,1.133180565891047,1.1036176007319658,1009.5788407643631,0.9586435426435225,0.08711963711977135,12.89678905081565,36.962144742780204,0.8363069093503626,0.9233697939539498,0.9736243021806763,7364.923657150403,3.3329582679566494,16.73639457169013,180.808922293355,20686.171907594806,2436.2166708844934,8833.190783667455,5.034648419028118,14.728074372960938,2.8618508463884638,24.24466859248949,7.139826615878671,269.85406309470557,5.451242079294192,26.502569882620644,7.85883122741374,-0.005443726006590506,-0.226376912401048,-0.13991590860714181,13.94364179392908,1.7632041933916809,2.9223529173939973
S91D,-2.31,903.7167891455298,1.257624395102438,160.3040727714155,122.43839335505217,37.292338606653,4.353083064792626,16391.72413361183,197.0771503735353,75.80022266771897,293.2323551463596,-0.031795608693602054,1.466741965312245,0.28257769722819626,3.0523999110243567,0.9032980999412434,0.9967990962227621,1.131172754184388,1.100672974892894,1008.5864576639475,0.9599275346936456,0.08686811689791933,12.96677869794301,36.99054379603677,0.8343559317718299,0.9390040524188666,0.9635962414756385,7362.386029266873,3.333700363957186,16.74582992218417,180.71456248705178,20707.32281046914,2442.5750289323455,8834.313593458677,4.945792254889702,14.575531680920161,2.863436921382351,24.03092728630086,7.122221338776756,269.5710084017964,5.259454683700282,25.679327496977766,7.639347412935351,-0.008953216617251795,-0.23198061610343657,-0.13834631288017857,13.829738259784452,1.759891574637636,2.946491120763434
I55M,-2.27,901.8319266136214,1.221731404708083,160.0764581740624,114.44951290883576,37.54103710867465,4.390514968481307,16377.773925803169,195.39094229842948,76.0844536837223,292.62931068708826,-0.036500194982596254,1.471660801655773,0.2824659053972371,3.059264529112338,0.9044625503649044,0.9912500356354608,1.133180565891047,1.101441129902579,1007.9576800482895,0.9600926603571885,0.0867336543752898,12.821253132381349,36.939919245118475,0.8376840705788684,0.9188835639807926,0.9782712183233642,7341.746659064238,3.3412751426918006,16.71074346272497,180.7937550698827,20704.77306561103,2443.0404259036177,8832.41710720587,5.012556244635952,14.67372485230344,2.855240423907766,24.155684061633153,7.1174622999165065,268.05369820030194,5.348048694968733,26.04172811095134,7.732784925595416,-0.00754938705327321,-0.23015611187250018,-0.1391376034330322,13.73328134237874,1.7083455382399582,2.952996092825655
T40I,-2.2,902.3977743449583,1.282253461932559,161.05940933379787,113.91478396250587,37.60190214892466,4.334960439072775,16362.49149470159,197.73296370631766,77.34444595124299,293.9501707571792,-0.041070661201450094,1.4683945514878098,0.28525570228631303,3.063920525392929,0.9032330749056283,1.0062804486049284,1.121999355437602,1.095428289916339,1011.0330376792424,0.9565385803170299,0.08868655334838593,13.209172802083568,37.20448372497996,0.8439856552851129,0.908061733852705,0.9739164059566526,7385.0680462181435,3.332905592979764,16.89668808872109,181.64619469086477,20752.44139475854,2411.831713195298,8912.23917499377,4.875779982463817,14.32610780760011,2.792885305469671,24.082947999411424,7.209777943674245,275.53043165336965,5.18338767320004,25.723211687479477,7.7336979915622805,-0.008146109411638191,-0.23219369433741716,-0.13845583226463465,13.79001497540296,1.7357748658158212,2.9495314015225893
P70N,-2.15,905.7947245126745,1.193992134861465,160.5589131060838,114.53277195369749,37.47795406955176,4.360818158792954,16374.923189544501,195.5138165006218,75.20468623244491,292.6339350479561,-0.03498193372957263,1.468420242814603,0.2826956602493284,3.055026689732997,0.9006621987607282,1.0057154376539101,1.1314735483279168,1.098205575138211,1008.9938985867793,0.9578622941313879,0.08718891981434829,12.95602225304109,36.98707883385599,0.8433225934833487,0.8990759089247005,0.9825071724551229,7338.308329914609,3.3418289094557116,16.810263848686148,181.2495980171497,20660.65687728962,2432.0637673009996,8825.159320482535,5.135809735735279,15.131618371163167,2.9580133577998704,24.45459367951576,7.1385602120856975,265.6074320122756,5.4384805695780845,25.909739303858537,7.571386004637648,-0.008863400852296897,-0.2419435324043322,-0.1426159199637775,13.79858031739899,1.7854475361474105,2.9817865717728305
G49A,-1.89,901.3808153030279,1.2557778846342,160.59381889666273,114.20040550514565,37.57037285822111,4.3598517424799885,16367.304391913927,198.42312459204624,77.02557724037618,295.2515781380043,-0.0374916220589583,1.4703462440870863,0.2830946799018991,3.058987959076116,0.911662130400203,1.0015981156330125,1.114654939706124,1.0886206505861429,1009.2589623994279,0.9565526489406755,0.08733407197781662,12.98614199850457,37.037820012508675,0.8514619197360055,0.932082785806409,0.9800325288150253,7368.59306596519,3.343661220705753,16.78061937862626,181.2095155854359,20731.393955299613,2435.631678727694,8863.098105774492,4.9663093664386055,14.56114960359876,2.8430728690351814,24.19067663394039,7.179740004353699,272.7317398449673,5.265912878447248,25.869281533111355,7.724697708119211,-0.00805838536898125,-0.23945587412840244,-0.14399504754139542,13.79438269355845,1.7357748658158212,2.9223529173939973
G117A,-1.46,901.4130725651069,1.2644753293007829,160.60253229844838,114.20040550514565,37.57080257457697,4.3598517424799885,16369.3086065354,198.5490978975442,77.04176284137756,297.00685880893536,-0.03749777286134134,1.4703347902675623,0.28303898427890883,3.058987959076116,0.9132636359545258,1.0016706049499633,1.11691203419831,1.090381960611939,1009.9571832315712,0.9567309963865517,0.08733407197781662,12.99298820371907,37.036910168852415,0.8543335018745486,0.931171502252262,0.9829672699076403,7371.3417565904165,3.344358215745357,16.77849309576336,181.2151995526215,20737.895833308623,2435.4358648914513,8870.104660876952,4.966418053865492,14.56267173373845,2.84402490930922,24.194145989173713,7.185235965439601,273.4322655131723,5.265297242069729,25.900117081906807,7.752362562331934,-0.008702981781738228,-0.22797317586869198,-0.13573077778046636,13.804742522687102,1.7357748658158212,2.9223529173939973
N19K,-1.06,902.8433336309932,1.2775613361497489,160.27737304693852,123.95335913021566,38.01807259932824,4.3655138564171105,16367.54605003004,197.18763288029032,76.11540863275113,294.1319098874256,-0.03830488092640146,1.467422044734451,0.282707397607989,3.0535701533516217,0.9072012421456896,0.997836892674074,1.1216773991496929,1.0965284031480702,1015.4041008581023,0.9613478905289684,0.08679201314852746,12.936201522444412,37.032271412616055,0.8472273398842342,0.9133308816000303,0.9806166585681133,7388.915329282424,3.330551949747947,16.74907682514308,180.78750715638358,20803.91335301792,2469.3036461725947,8845.640979322474,4.918285320218962,14.536583812347121,2.8137504452557582,24.070472350390453,7.177653052065336,274.78405185326244,5.218854901083318,25.74885928005791,7.728920284288018,-0.008372468983122817,-0.23044494277647135,-0.13705818420227095,13.79652122918768,1.6928096623121789,2.978247782581351
G67A,-0.98,901.4034972156878,1.260408658299376,160.5957596192779,114.20040550514565,37.570665455189065,4.3598517424799885,16369.327321631232,198.42952499702852,76.98381411550592,296.3948076934636,-0.038058374635874324,1.4703313576478787,0.28306915776089603,3.058987959076116,0.9110165265576018,1.0015444725485847,1.1135155525307248,1.087815706254795,1009.6648786904956,0.9565759217090113,0.08733407197781662,12.986415329484021,37.037454648361646,0.8499333310841386,0.9308720542877496,0.9813229439189138,7370.385315600094,3.343771590948139,16.77967228947481,181.2129129951152,20736.002342716754,2435.666100635839,8866.879705962094,4.9659987116262005,14.558889614892347,2.84252281439944,24.198788285553302,7.183214763748147,272.8447506630499,5.264309184670428,25.894664942616636,7.736546476295638,-0.00841615910344156,-0.23496673002274698,-0.14159645908677085,13.80393516606847,1.7357748658158212,2.9223529173939973
G49N,-0.96,904.0682703279666,1.246346948016701,160.3276292969835,114.68665960592507,37.51664635193676,4.349358512240451,16456.437870605827,198.72863086082668,76.3833269613439,295.0023677461828,-0.036619534978392654,1.466104506434799,0.2822153565392367,3.049698443887956,0.9007793779580225,1.0026046891701905,1.130702708774193,1.100101462460416,1013.2164823680798,0.9578398430438438,0.08641494315260587,12.902652177746159,36.942992554397804,0.8373084811529126,0.923375260801995,0.9760261113421291,7392.497148120297,3.335875204072354,16.762788496848973,181.0336165274723,20802.34486721585,2458.900840724208,8867.561095539699,5.090473637102562,15.02278474037622,2.946575239112904,24.477194714732192,7.197817011500684,270.3404587820617,5.372553579004045,25.933841399860768,7.658638406561662,-0.007348178589927945,-0.21644702438778776,-0.12906859397621734,13.97768674709754,1.788897321055498,2.980291556018364
M12L,-0.57,902.4159872924984,1.2555888490952611,160.54077518535638,113.82243669190689,37.593270349730524,4.362581321907203,16301.037187480648,197.6688455620427,76.80764608013118,291.0603951638501,-0.03801558374485507,1.469964725865822,0.28341443385195825,3.059270115339877,0.8954344336347712,1.0041407392988648,1.1305429190519711,1.104350029195322,1001.5888729143556,0.9599284494494291,0.08772310412083513,12.99542896174845,37.14515838410421,0.8479683246006818,0.9159369440323418,0.9610511853861556,7348.54331429316,3.324499477821687,16.834952167008,181.1596609644285,20594.24316095863,2423.7851221783085,8796.755405836699,4.937027553814984,14.519462056305358,2.8437607771837525,24.074450995088668,7.1549820630132475,272.3844959378304,5.217034420747755,25.48003146775725,7.5808352801233125,-0.009227743615285949,-0.2366436752808168,-0.1384534506198289,13.73328134237874,1.789035098687529,2.8918155741514417
I55L,-0.45,902.1273305877332,1.230088314421742,160.1915317458227,114.20602446913855,37.563840445784415,4.3931813359596825,16338.28418954912,196.5484270336222,76.48008344620382,291.7988842320101,-0.03701340000244529,1.472040034855112,0.2824659053972371,3.0595410991485616,0.9011322545384142,0.9953436637936338,1.132989961497443,1.103254855593733,1003.6345848054243,0.9602536734364847,0.08707675014816227,12.857662531914432,37.034619191677145,0.8459470379499029,0.9164802264951731,0.9725309101471016,7345.195189467636,3.3389808324200345,16.7403408961463,180.85225721756137,20637.04577232124,2434.5523403920224,8804.410019296638,4.970773219155125,14.58370845871444,2.848997247120437,24.095736588214137,7.12795983598038,269.6591656771787,5.274973953915292,25.722829390104202,7.647091576517494,-0.008337395175037902,-0.23277174102322498,-0.13842020909863556,13.73328134237874,1.7632041933916809,2.9223529173939973
Q121H,-0.45,901.8024376628393,1.263690987834118,160.5434884153784,126.5720560063711,37.76136480056327,4.349579279008411,16356.299526960089,196.3822719873051,76.31637930434007,293.2026699302677,-0.03901291727832281,1.4712563631930318,0.2845851218078324,3.065049304534509,0.8978271943176198,0.9967341413936588,1.130259447167643,1.105686098719763,1006.3367913056594,0.9560130296857594,0.08820624781843135,13.00361571297239,37.080101128939866,0.8361473226009475,0.9102498918496755,0.977844530752123,7351.915593222487,3.3256035841564517,16.849443791783152,181.34126788387323,20663.185992152627,2421.644315278495,8846.442116209872,4.948151300716445,14.46934477999308,2.817990474794803,24.1749064384913,7.195631869320257,274.9813702347233,5.282635983872503,26.01249899865209,7.787241980937262,-0.0071440033974528696,-0.23470065968519113,-0.14239243654705513,13.79767073877392,1.709123947002481,2.8901016937800503
F3Y,-0.45,902.2616168108761,1.244106673981554,160.3843075482965,114.40541002175561,37.57946019467094,4.366381406155118,16357.123699402739,196.30797965185548,76.10866287804993,292.25803113666746,-0.03679163363229719,1.468253462576137,0.28306692716545323,3.056092062148236,0.8943644333789127,1.001064531295642,1.135061491659682,1.105762135018144,1005.7961324268568,0.9627546360624686,0.08658903134800336,12.82797579774134,37.054658083164206,0.8307511845187825,0.9154725666472858,0.9611413956319673,7346.892110440155,3.3210322286711644,16.82073200709147,181.09502134239122,20681.584308280195,2441.048496369043,8822.09958021637,5.0342394344916865,14.70368233771992,2.878212956601353,24.34096017905158,7.168692971613117,269.1000706726706,5.320513196839494,25.85659643666303,7.64413599414531,-0.008367838470466155,-0.23950740136409127,-0.14248139438244206,13.76363656455671,1.7357748658158212,2.9223529173939973
G71A,-0.38,901.4126138513827,1.263136184257266,160.5970737109903,114.20040550514565,37.570672390645306,4.3598517424799885,16368.90831534412,198.45400402386528,76.9945434654186,296.6042103077368,-0.037821823616825026,1.4703409184839429,0.2830571522554186,3.058987959076116,0.9106693839282725,1.0015281220999337,1.113386314020301,1.0874519527882411,1009.5792994791173,0.9565899495936186,0.08733407197781662,12.986602392691902,37.03718055035477,0.8489050223703831,0.9314558815478563,0.9806142286457572,7370.128578986939,3.343453401285744,16.778893373664523,181.2138183133058,20735.2973210653,2435.492069029272,8867.413818392879,4.966240098251966,14.561256308659031,2.84336320096293,24.194859685524868,7.1830413483723206,273.04237466798776,5.264900198168277,25.898741160129493,7.746928126742825,-0.008567459499819182,-0.22928709591697646,-0.13622725648607575,13.80100858662895,1.7357748658158212,2.9223529173939973
N77H,-0.38,902.5704612959911,1.260183945798505,160.5656038309052,120.96641326504725,37.78256505170574,4.353199938543055,16382.375763224958,196.7338372864172,76.81720062119781,293.90944959882074,-0.03704154402196366,1.4703822886880171,0.28478356194605914,3.064745503767552,0.9039309072371242,0.9999549352566396,1.1193851068629692,1.097100153237508,1009.81264000949,0.9558628390125994,0.08813744521141188,13.03464563495911,37.123959158144075,0.8419938385366968,0.9123270524852302,0.9870481849205242,7371.915325066955,3.3309024282808815,16.81413650931122,181.2753278203857,20728.21998167674,2430.125300628538,8872.457220290207,4.9630215810681895,14.51927508257153,2.8274375765675464,24.20859980698902,7.198446265782437,274.7890442027158,5.293186315582335,26.04236063078402,7.802403664736815,-0.009607038268754808,-0.23360743238917356,-0.13610318541900435,13.82962884890386,1.7357748658158212,2.9223529173939973
T40S,-0.27,901.463514092726,1.2464678574605152,160.33683029898532,114.20223641247021,37.56954439902243,4.363551801094574,16310.04233353787,195.2229241849577,76.09283276214524,290.6819070950379,-0.03707111809176098,1.4705587420357211,0.2828773972252712,3.0584398961520245,0.8983912089534904,0.9937907745359945,1.1390508231990852,1.1072189199630829,1001.9874740614866,0.9625178799979268,0.08733407197781662,12.947567323112377,37.02239830166981,0.836598143479274,0.9103471606812571,0.9755978149653803,7324.205570490596,3.326935703493265,16.784637017944156,181.2471251033719,20618.920679309234,2429.383085176237,8803.727932199823,5.043173223260994,14.736716978503893,2.8703580430897633,24.24622233318536,7.133652216765329,268.6519875647983,5.3424666455133,25.867496009622073,7.65235936429187,-0.00852868093843764,-0.2334975939473034,-0.13853224634277578,13.67654770935452,1.714308731667872,2.9223529173939973
M105T,-0.24,902.1510671284343,1.2145119570853942,160.1158429929793,114.2511011727754,37.559231868773495,4.353729611226746,16275.86651313346,196.4393554210074,75.72160364244344,288.7453792329376,-0.036527944317533236,1.4686104897601973,0.2822945162119884,3.0536707371740928,0.8895794720745291,1.0025321961262477,1.136810014032717,1.11079995866654,997.6926511215137,0.9626223326654957,0.0864449977697129,12.799089589149101,36.991357909800186,0.8295461172789438,0.9258982116771012,0.9517378544308197,7304.881426914413,3.3062218080707977,16.80213279068096,180.847519870199,20520.99396287645,2441.164929190133,8718.181758226692,5.018247350234642,14.778545373124208,2.8928740878704993,24.14416873117477,7.0948598876687,266.38100899696684,5.29525450271066,25.54681783114678,7.529292174575877,-0.009015962626234969,-0.2286587797020377,-0.1336602791773655,13.67122338093049,1.7559124882297295,2.8640160423422367
R21Q,-0.15,905.0377093679814,1.229487842369976,160.2956449382228,105.61106570873503,37.06089143691387,4.372440531349086,16279.928403083639,196.5860982330268,77.07417036036136,289.2548665659732,-0.03355294376553912,1.473525010183401,0.2820877126174881,3.060135284897461,0.9013119133089933,1.0030385379510356,1.1312218461616341,1.099333350400695,995.9704906889998,0.960084439242849,0.08753968206302146,12.96607329424128,37.02311002676762,0.8420803202030246,0.9292958648113208,0.969357735358664,7298.229631818627,3.329625999648509,16.75686117020232,180.9940634809324,20555.39194281829,2414.9358546746375,8788.540024341395,4.895269590484454,14.23233963002463,2.7611176750350284,23.78579626996386,7.047436675031138,266.78956163258283,5.211956380984032,25.61363208694807,7.664320927125755,-0.006918426229439939,-0.2073625854177325,-0.12400557240895693,13.609844258523072,1.6974522069869429,2.8692865081184005
S91A,-0.15,899.9786180929339,1.261595366127529,160.7062601117844,113.9139711993088,37.59791480489075,4.364251382976775,16307.747078656108,197.03408693408528,76.8594192843879,293.79236909114724,-0.03324974323438345,1.471598628878793,0.28374912850146283,3.063284512153352,0.9100797658299646,1.001572940006559,1.118638209912516,1.0928354249179242,1005.7961324268568,0.9571033257827539,0.08811066377764545,13.03637922377899,37.099792684619366,0.8527659455597544,0.9280677610219247,0.9744709051066429,7344.943344652225,3.342817949799863,16.816717811532232,181.2014108129609,20644.69857794427,2420.509310982744,8836.214407854151,4.881241046022081,14.30431189790888,2.8047155793838985,23.87521229427776,7.1275692640815835,272.92174264416326,5.200850421563617,25.542690904329667,7.658418096498932,-0.009068683137666903,-0.23123142646718411,-0.1371696405291164,13.685052883675889,1.7357748658158212,2.898214714024561
D101Q,-0.08,901.8783322147219,1.232602490873546,160.5655606961067,109.77377091630915,37.8532731927929,4.365454151788887,16364.185651709331,197.1939485411566,77.35829223124341,293.4151847383575,-0.043520890231837014,1.4687757344186418,0.28386119363589646,3.058987959076116,0.900925516963303,1.0098666221600345,1.1228735439821211,1.097316512979425,1010.8710910715502,0.958692925636522,0.08717279345025533,12.962626485586162,37.09840752521319,0.8448520596494321,0.9045748567396922,0.9864124011014423,7372.317499098295,3.333700656904864,16.81991137774052,181.323670986285,20735.327993670253,2438.814102370663,8860.85375460157,4.994872352404384,14.62759393444568,2.849632500210813,24.24485227528713,7.176373380367356,270.8651333845273,5.296618728348489,25.735310121287796,7.613276410840156,-0.008673204393445799,-0.2486780222137334,-0.14916040831958358,13.788205434246489,1.747084162991887,2.945626706962287
S91V,-0.08,902.490355073156,1.2805047519612949,161.05275997425602,113.93626848060146,37.59413057952558,4.363574515208038,16361.18702271884,199.4432471299785,77.5158228214785,293.69185376772396,-0.030860807917385425,1.468563214149698,0.28575729639849123,3.065576007127875,0.9041251323666973,1.0158944713579459,1.11613130105814,1.0915814169219291,1011.8418371072212,0.9544360173669126,0.08862839164419802,13.254039050029641,37.25572064377822,0.849813396178672,0.9152295059037755,0.9741413698450971,7384.499230779084,3.3287003975273315,16.916755860986036,181.355724344834,20733.30520481458,2416.655367094285,8901.573179760058,4.863442976087388,14.266970043726158,2.802790289482311,23.936821269382552,7.192567125478723,278.2759185092505,5.183613873876363,25.59033853663771,7.721532977816499,-0.008991705457390163,-0.23170818350843586,-0.13792607275479904,13.7815098010816,1.7478332202267282,2.9223529173939973
R68K,-0.04,904.9146758756585,1.262417332021156,160.13837503779558,113.83808645907712,37.468302010918066,4.371737436910952,16278.65563939274,196.8769134908498,76.2572279264381,290.29131430850896,-0.037883086506017856,1.4724704646877271,0.2811843325656711,3.055877268080413,0.9017430128195901,0.9971419264473507,1.1318510696939907,1.101226495847888,1001.0874056966629,0.9611923194214999,0.08718721958890424,12.91309917525212,36.96672797009165,0.8428329000098083,0.9211520865648264,0.9695291111337146,7318.5207798438305,3.327505649155191,16.737510509417852,180.76546244688592,20625.917623024103,2442.2884440541147,8779.710569003295,4.818253266085992,14.101034155318478,2.693007047015653,23.666722583716417,7.071012158654848,270.8378078859026,5.132790460733825,25.54158488062017,7.706106715786257,-0.00775858757522944,-0.22708045878931354,-0.13733015407275997,13.604263585738952,1.618765805311463,2.894057792776862
G102V,-0.04,903.8684318721729,1.2855624655481181,160.95086159605688,114.22340829363797,37.566631235528675,4.359163465184354,16426.24416675143,200.9732709813097,77.7030670433299,296.08661745195246,-0.03629924734489688,1.467428897473604,0.2851895416781452,3.0612646121108376,0.907406075202139,1.0165500787921988,1.1139234958794861,1.089003659612565,1016.7283502207389,0.954103690225612,0.08783958349745478,13.219454189373769,37.19374869802035,0.8522013377162425,0.918235737370636,0.9825374348958974,7413.243385143241,3.3299282515392314,16.88131605122549,181.37060503100102,20830.12435763833,2431.3544933359576,8939.152178574433,4.945691374493374,14.52267267716886,2.843094674533392,24.255150580488007,7.253516831449767,278.97992875546896,5.243507314212073,25.936117789579402,7.813369384948951,-0.00861076046820927,-0.2301326628898793,-0.13632853561701946,13.919690758783611,1.7527756914452286,2.950536327124227
I55V,0.0,901.556216237784,1.225074168593547,160.300548813806,114.20602446913855,37.56194016769192,4.391848152220495,16307.569950240399,196.58663526759952,76.02988406131107,290.387739976178,-0.037037838336723874,1.47071271865742,0.2831557442733978,3.059817669184783,0.8990508196468578,1.0018934688467116,1.1312745219550049,1.1021666201790388,1002.5538109947086,0.9602536734364847,0.08699097620494416,12.926133939991558,37.058777341309465,0.8398124106592864,0.91728133899038,0.9745810202100532,7320.8112057402805,3.322920660517672,16.795589438532748,180.94542730460472,20595.312404977172,2432.0558446533178,8782.437607787733,4.977496924404912,14.598145050139077,2.8500989842005553,24.061079455143762,7.104682690795267,268.2753940127385,5.282873925921072,25.70011850197265,7.6289554179824846,-0.008311558843176765,-0.23264672933587366,-0.1384608163251108,13.66316119186196,1.7357748658158212,2.8917097419623414
D101E,0.0,903.5878018140489,1.246677938772439,160.4883705494843,114.21958087698385,37.81062671985744,4.3661544529525,16366.178071875509,196.98887311638038,76.47293082548357,293.3323609965819,-0.04313642597074957,1.4695750190593961,0.28359313776553347,3.059567593697496,0.9073142076202542,0.9973385126226919,1.118958961586087,1.096840551958223,1009.3486034781412,0.958692925636522,0.08706527443188114,13.002251880856559,37.06322568639383,0.8527309083013531,0.9163395360345034,0.9806199458910253,7361.462160861583,3.335465427360063,16.79650621801247,181.05031830220383,20728.5210114242,2445.695677573622,8841.149919275387,4.989014356745353,13.94384305292364,2.8570967240227416,24.20255335799832,7.159758218924966,270.69599874290964,5.293303119941801,25.831412093061193,7.677932798135245,-0.00844933158117386,-0.2338196820582658,-0.13884997169799346,13.788205434246489,1.747084162991887,2.945626706962287
G102A,0.02,901.4058797792634,1.263475116346082,160.6008081157548,114.20040550514565,37.57067030129149,4.3598517424799885,16367.604181949882,198.52097716990562,77.05004856624754,296.21353568080957,-0.03714654128283394,1.4703554269087769,0.2830594122867206,3.058987959076116,0.9133407346411317,1.0016281490536545,1.116456207259819,1.090235756536056,1009.6224086547156,0.9567074212402262,0.08733407197781662,12.99346769037517,37.03717782144356,0.8550460406553055,0.9306518940596428,0.9828832698175549,7369.807065220933,3.34429248215987,16.779039434846972,181.2139557527468,20734.48181053261,2435.377857217507,8867.494016512499,4.966796859646193,14.565832868354462,2.845280812528594,24.18545198133797,7.182272825368882,273.40267106617387,5.266838956644247,25.880641232788214,7.746321696801947,-0.008537863056696902,-0.2290946108731387,-0.13576386613659816,13.795417814513712,1.7357748658158212,2.9223529173939973
D101N,0.04,901.0642990721853,1.23449322268086,160.55304337503293,109.75938938743067,37.82947051022428,4.360201893061796,16336.291769382931,196.8140929248097,76.80875756559936,292.23356602235833,-0.04327623115659956,1.469974661379775,0.283682489722321,3.060147228318877,0.8938979572406568,1.0062626454438128,1.1323337847725408,1.105249196666132,1006.8111241557957,0.9582310505384903,0.08738783148700374,12.924321936824779,37.057194514024786,0.8373084811529126,0.9006532969747554,0.9748274906806074,7350.809852641765,3.3281122171300637,16.85983782668837,181.41478854764551,20667.25817120981,2430.845962661974,8831.144065398805,4.984551121957519,14.60447192395944,2.8477267409396836,24.20607826777238,7.16870484431702,270.91557704957125,5.283657713667802,25.66992927163873,7.594317019076932,-0.008829915362036145,-0.25089445969548757,-0.15041924069780094,13.73328134237874,1.7357748658158212,2.9223529173939973
F34Y,0.19,902.3578478189105,1.2436113164473972,160.35911673755862,114.32592489800417,37.58458596020874,4.370615966209336,16370.34710297067,196.1484744093256,75.87341599054079,292.4440456454413,-0.037515999285530975,1.4673786299421678,0.2828441089061174,3.054200322272714,0.8923907190145955,1.001692674582588,1.1398890950002312,1.108693909164493,1005.7961324268568,0.9648028955970507,0.08617952865606664,12.75673621011137,37.05867340461809,0.8283198460222027,0.9132069873228751,0.9587542097749763,7347.930006354775,3.3176847755730448,16.831131550787322,181.0906536754822,20693.02733209148,2445.840435420967,8820.813096589194,5.1299473085365905,14.93522484007446,2.91107845457924,24.53965786777016,7.183236248683767,268.5838901587491,5.395011421049734,25.95285490286785,7.631564208562611,-0.010056295098846365,-0.24909487793912163,-0.14564470518975928,13.789462635616681,1.7357748658158212,2.9223529173939973
D101K,0.19,901.7825636097177,1.267055826029047,160.40492174232446,114.1812301333076,38.25891057489993,4.365804302370694,16364.185651709331,197.48757926299533,76.5187253809539,294.444959927768,-0.04579272450189864,1.4677766286176979,0.2829676740680199,3.054640699415762,0.901724103295422,1.0036883763607969,1.1233628667816271,1.099220357064237,1015.9460497162411,0.959770634198596,0.08679647688594565,12.90252796942605,37.04111138770737,0.8473665858149391,0.8957150365300197,0.9867433985420382,7392.07908740952,3.331641758040464,16.801324927368253,181.09476589311132,20804.07851435526,2464.891650508189,8851.925454219392,4.9466136262609455,14.573327991467739,2.8266045756846587,24.159549458754693,7.198526928957205,275.0015139181261,5.241760480165112,25.66441522407796,7.658001129871347,-0.00887468992449053,-0.24613322362357012,-0.14676263236107429,13.788205434246489,1.7131562714636868,2.968900496530576
R73K,0.23,904.8846945371042,1.2620669078432019,160.1394589879796,113.94487923579933,37.472325566096046,4.3719896689906035,16282.832874655553,196.8690173747421,76.25664032567923,290.3832363883025,-0.035161167816218364,1.4725933162601779,0.28123510144592817,3.055810288331929,0.9017575714365357,0.9972898653271105,1.131853336555963,1.101203872898315,1001.6778657455549,0.9612048322702054,0.08717646217246275,12.91550408888956,36.9656246114127,0.8428602367170928,0.9214235443735269,0.9695291759353338,7320.643014856252,3.3275064012547757,16.73773552677801,180.767031088606,20628.279184875228,2441.4462132508593,8782.340327247182,4.852838310577883,14.22299883649076,2.737661715022372,23.74480371426834,7.079636901381335,270.8248514356954,5.162989553072716,25.561001907528162,7.707049924550537,-0.007649479662339434,-0.20786096262109352,-0.12132365945081251,13.628421006106759,1.651312196647607,2.9006386616448823
N103D,0.24,903.1891944016185,1.2582071161187778,160.2958550395728,122.42711324623085,37.30115063529847,4.359507748048983,16340.346006627671,196.28746400055152,76.04542881028428,291.50752004051753,-0.03528871118027398,1.4691831698115467,0.2831536366731078,3.0578533368737886,0.9047948195785457,0.994528933939496,1.1290308213054971,1.1001282139065958,1004.735204262482,0.9613328253570371,0.08728451710078403,12.98589806136658,37.03928927443638,0.8373084811529126,0.9364845843741847,0.9625378650781624,7339.32378118564,3.325741473295371,16.752727095441223,180.7918578678662,20654.809962252,2433.727501650158,8817.576560095775,4.949665634013516,14.54874104550629,2.8507769881173686,24.039789546563977,7.120701696789735,270.2346709176703,5.259865145705817,25.84116701137894,7.729989282393779,-0.007918964433622978,-0.22310651169432374,-0.1334578859684312,13.73328134237874,1.7357748658158212,2.9223529173939973
D101R,0.27,899.0148509250932,1.250459402387068,160.6949063472041,114.42092228128449,38.360071975816574,4.352848730843866,16419.973416362085,197.1543316977338,76.68663875101181,295.9275049055518,-0.04939270803753475,1.464779311214864,0.2852014729877105,3.0578286898333547,0.8988491924997939,1.0069491171992835,1.1223842211826178,1.1004895864541089,1020.5135124964639,0.958385008904501,0.08695775541350695,12.95139929025957,37.123537410084154,0.8396553722407184,0.8928101774448812,0.9857504062202528,7417.579657531673,3.331053501222064,16.86947524539991,181.43256758400872,20838.11342558547,2455.4747581251963,8895.797275062858,5.051778595949251,14.89467674945015,2.9083934110706577,24.540944696308838,7.268395812971349,274.698851927863,5.343640083934238,25.85819460978492,7.613276410840156,-0.009747793892351033,-0.27034985536866857,-0.16210839849553377,13.898053617982,1.769702757344021,2.9921742860988663
M12F,0.28,903.7438081344177,1.2683582373839069,160.47915546881902,113.8864006449165,37.53987587522813,4.346545042772318,16371.392635832182,197.32075436874692,76.97141490576213,294.1045088456757,-0.03820475553345963,1.466457364607999,0.2840188077449538,3.0561663964384964,0.8941364634133396,1.0053838502477999,1.130702708774193,1.1046778874571088,1007.3738547440449,0.9583502969410956,0.08777173313871242,13.03777646961304,37.07091555606877,0.8355318405782841,0.9220873987316429,0.9625088716039538,7367.943984245212,3.3181043854337995,16.83101924469668,181.11652916244242,20642.76103984359,2425.439466398751,8825.133730186886,4.984944766353763,14.615689026478108,2.854541744700456,24.20179839264742,7.1664388911270605,272.6053223134483,5.350838966112057,26.15236578455089,7.787119921129344,-0.005958267375686569,-0.22713034462440812,-0.13840531074321596,13.916872345619641,1.789035098687529,2.8918155741514417
G102R,0.38,901.9445630495873,1.263033369362042,160.4653707573048,123.40152090205386,38.05131912707,4.341612394145681,16545.618421526007,199.1979758586547,76.26345812794378,299.9364703939525,-0.04294866281435974,1.4609905327162231,0.2835919446345767,3.047035530643819,0.906087261993474,1.0033433133914174,1.1210467466366727,1.095780192691759,1028.753789794011,0.9580858670714927,0.08576698626693832,12.91660600321577,37.002273485900986,0.8396511776909643,0.9145568761294486,0.9892812158682192,7465.619105999421,3.3392051504817255,16.76955683465294,181.0484811630419,20989.04919155083,2483.737113283977,8939.793414923983,5.137530784315286,15.25866751633365,2.993719582402834,24.812739373688398,7.3071752917258745,274.1438752471041,5.424827506827803,26.146602372698815,7.675415148905474,-0.009795343405285126,-0.25336525564550977,-0.1490335989264992,14.168236647323448,1.8207789939628618,3.063269966045143
D101G,0.45,899.1968112746015,1.234703303992782,160.6531819436244,109.43532560336591,37.885010102884394,4.371406711679593,16222.7238199112,194.6188537186824,76.83928726924626,288.56723505309003,-0.03887236780232615,1.4735714422631732,0.28502276907413526,3.0700010168823417,0.8923007845764193,1.003859994299665,1.1323337847725408,1.107629001772143,999.1986861887581,0.9600785509306172,0.08862430019830696,12.99102468552994,37.16977639824675,0.8373084811529126,0.8961507653927905,0.9660560585048324,7303.761030059701,3.318994236444862,16.90595975909365,181.4859046930977,20527.71503516596,2408.172983309067,8784.963201353054,4.901981278382617,14.33031094247957,2.803259024613316,23.908575882841056,7.115025091964691,271.2034026677627,5.205891625583675,25.48008849133231,7.602095231082357,-0.007956811394175641,-0.23611820981712267,-0.14184719164613016,13.513584974907738,1.7131562714636868,2.875805338257418
R114H,0.68,904.6270893509934,1.2469130062779912,160.42787910346698,114.14586998242983,37.2579814687978,4.360198060744379,16297.902234435558,196.4023027281441,76.98002558415757,290.3628994805827,-0.029995745605999928,1.475424227104785,0.2833223601876225,3.0670501326926707,0.8996570754641402,0.9992123392983959,1.130702708774193,1.1027107378863872,995.8328193763015,0.955968669389535,0.08859212177710621,13.02549939772669,37.05822135392403,0.8409582963195057,0.9209008643896512,0.9788447386275358,7303.888988189418,3.328133408773835,16.804772895291478,181.2611649377997,20555.21569139465,2404.8491086809595,8811.12440042268,4.8860422484383,14.187407362064082,2.7522351053800542,23.847691975784535,7.098624241388175,271.60107272117625,5.2260694489144175,25.894989497844314,7.81332405790486,-0.003520247959651783,-0.18247273262535202,-0.11519627506646683,13.66824269899424,1.678147743035653,2.843087196689558
D101F,0.72,902.8072876832636,1.292895827395672,161.0057531538737,109.46888250408267,37.83641295930678,4.355649935498315,16402.04163486655,198.4407139076937,78.85424770994118,296.6839617471028,-0.03639082575348964,1.469175376739019,0.2867204562531002,3.068841747639583,0.9012449514961508,1.0146719244483318,1.1166754551884002,1.0947780541996832,1015.9460497162411,0.9528425077281201,0.08932317381773924,13.220191554843709,37.21601538640934,0.8475342208926392,0.9018152406088106,0.978137465086561,7409.6479515382625,3.332230014858863,16.92110427421178,181.61702508627488,20774.127792472682,2410.998051023967,8945.67260823227,4.915092030571877,14.35532046402594,2.804053090976286,24.16589429634801,7.250502562187238,281.34554661599884,5.2824520378835516,26.32295004704958,7.998784043359007,-0.0033226441801467595,-0.17824456446019366,-0.11205482536165205,13.898053617982,1.7357748658158212,2.9223529173939973
D101A,0.76,898.4785467370693,1.250879565010915,160.8305106588386,109.43532560336591,37.88798543820548,4.371406711679593,16250.617702237592,196.5064797876452,77.49567589765444,292.5262099099656,-0.03838304965185138,1.474370726903929,0.2846653612469847,3.0700010168823417,0.90587675222244,1.0052329378106069,1.117654100787407,1.0947780541996832,1002.7511572400415,0.9569993836104056,0.08862430019830696,13.028668811036832,37.15871924890352,0.855077799389159,0.9080606876418583,0.9796269535692389,7327.055340664917,3.336053684178465,16.879112664111467,181.59924604991167,20597.146254075582,2411.070488657682,8826.372042780746,4.900586517511419,14.318985876118969,2.800559198979215,23.96356447531652,7.150385563752337,273.97483697076234,5.200767503500612,25.601397537669186,7.684738733639992,-0.00820307148767475,-0.23004352931157293,-0.13675191773429776,13.56850906677548,1.7131562714636868,2.875805338257418
H15L,0.76,902.0982812079798,1.2710932289333967,160.78700944645502,101.14651430787873,37.398104841903475,4.378571142279936,16287.590285321508,198.2734046495636,77.74877358872746,290.97691212823014,-0.04026470895911889,1.471523163661075,0.28435262596912814,3.064892033385543,0.9028064995357971,1.0068818793255312,1.124922675057639,1.096566992966211,1004.7207867923207,0.959610698389304,0.08821675206374863,13.08443767033037,37.20334090879069,0.8542372596073925,0.9183695095704177,0.9481099030133404,7358.119852675484,3.3334375445418365,16.85875342257455,181.1682005095051,20650.43499422189,2409.7055768364035,8859.02310699018,4.822376748086684,14.210483456643342,2.775083276092724,23.83989507844195,7.160606294395639,275.7354352689137,5.10062477215764,25.411302815643232,7.680833291949275,-0.008325655721323983,-0.23310892379755715,-0.1384241875236989,13.607767526228901,1.7357748658158212,2.9223529173939973
D101S,0.87,900.5758791866634,1.234073060057012,160.544698494317,109.59543995821439,37.856248528113966,4.366854754116113,16282.496424896332,196.03340806912738,77.03773034295106,290.320337587341,-0.04117915336885037,1.4723725153020422,0.28430795341983445,3.06565375722199,0.8954951299048947,1.003859994299665,1.130213385974688,1.1047732356449311,1002.7511572400415,0.9596166758325856,0.08781790756050052,12.94479505771449,37.1064490883719,0.8401582774738199,0.8989103815236721,0.9738344983588227,7327.2719060162735,3.320170750081664,16.86741008424744,181.4970165908245,20613.936810282485,2422.298321883562,8813.903209488391,4.992082830661989,14.583237424533271,2.8370862516758764,24.224407798597536,7.168278814536448,271.57727924397057,5.288480416804801,25.840077024942396,7.6910585308944,-0.009053788174308072,-0.23554357787740848,-0.1385502497031799,13.623433158643241,1.7131562714636868,2.899079127825708
S91T,0.99,902.7896049868152,1.2464678574605152,160.5144476879163,114.19869032966176,37.56574888928678,4.35612896975194,16365.00416158046,198.0556474143698,76.79974623556149,292.9954261697187,-0.03672927945696748,1.468563214149698,0.2840001494885913,3.0595608328197472,0.9003207832096098,1.0074990909105805,1.1233386640144691,1.0986352118994032,1009.5165660763117,0.9571033257827539,0.08733407197781662,12.96677869794301,37.0759565634741,0.838176878029701,0.9250563184633463,0.9619485651679103,7366.299870242487,3.326935703493265,16.82798037339129,180.95146635992728,20703.32551903138,2434.7160061009804,8846.595778783274,4.919227971405087,14.4556446753862,2.8360978047797945,24.02077196073414,7.157188542692938,273.4729078067458,5.2311374982140775,25.65830648272422,7.677942843956885,-0.008645305896144853,-0.23229845413093803,-0.13826226485510262,13.7815098010816,1.7478332202267282,2.9223529173939973
A31V,1.2,904.6801965743656,1.264354228029346,160.76534867782578,114.21882410779097,37.563714610943066,4.359166486104649,16398.18746771808,198.852298329198,77.06633738038481,291.7584168042167,-0.03779763253405177,1.46667672503404,0.2854758382693965,3.0612253592537835,0.8939303631426998,1.0146673334092018,1.127927043254743,1.10134823182459,1012.6927038567094,0.9570953155494207,0.08779944328800629,13.156125582847219,37.20102608805807,0.8347946513296824,0.9059698307343711,0.9683803245419448,7388.3243650652175,3.312806701254084,16.904608193295893,181.2548505292229,20755.67198299398,2428.070600832695,8893.692721005358,4.940961902687028,14.533808474505921,2.8460907988248687,24.203332862748844,7.214981882804182,275.4453874502036,5.241216240376362,25.82020879168665,7.735603993128353,-0.008487597783452667,-0.23497005068027824,-0.1396565393107298,13.86685805397986,1.759297600267311,2.951388853774019
A31I,1.4,905.2585802744622,1.287248782357452,160.889400512274,114.21457366102678,37.56960419748252,4.326274180088275,16428.13910680258,198.8134047720731,77.4828157199635,293.2486242048855,-0.03805407982741048,1.4655174074238961,0.2857335138215763,3.060386334187158,0.8942302509847201,1.013010860325781,1.127406605969846,1.1018591715977633,1015.8757368243344,0.9566232004936837,0.08817174033615807,13.188118847787148,37.19031486730358,0.8318372044788245,0.9067175233733353,0.9614204845574686,7412.445026705583,3.3169276602405113,16.914457823457088,181.41042883652187,20821.068139491053,2428.233411690338,8935.720061226792,4.933188919550797,14.520592863795951,2.8452188643361964,24.262189512308648,7.254044250813924,277.9438361727711,5.231829548690225,25.875825369877425,7.775604562539883,-0.008562699087660044,-0.2361316204168365,-0.1402696285134676,13.933646409780431,1.759297600267311,2.98042479015404
A31L,1.8,905.2585802744622,1.269720139199995,160.6555322997896,114.21882410779097,37.56567780645621,4.360536998855331,16428.13910680258,198.8134047720731,77.55718685203112,293.1674455916195,-0.03778053604782776,1.4680292622458722,0.28478870346358376,3.060945684231574,0.8961795219578521,1.008041441075519,1.1294883551094348,1.1023701113709379,1013.7537148459176,0.9570953155494207,0.08789251755004426,13.082831921348452,37.176682404525145,0.8420403961142858,0.9052221380954073,0.9659524733845692,7412.487743343672,3.329290537199794,16.849450264393198,181.1619357068083,20797.136937294654,2430.512763697325,8915.714426951647,4.935234441428753,14.52359641168459,2.8452188643361964,24.23489367483165,7.237620300628009,276.95508838043594,5.234064475282162,25.84322254817938,7.7561171056470855,-0.008562699087660044,-0.2363428149143921,-0.14047399158104693,13.933646409780431,1.7828203347188007,2.98042479015404
